arrival_date,state,district,market,commodity,variety,min_price_per_quintal,max_price_per_quintal,modal_price_per_quintal
2025-08-19,Maharashtra,Jalgaon,Jalgaon,Sugarcane,Local,508.62,1506.72,1191.11
2025-05-30,Maharashtra,Satara,Jalgaon,Maize,Yellow,3286.27,4311.49,3690.15
2025-08-09,Maharashtra,Jalgaon,Nashik,Sugarcane,Local,2484.2,3375.0,2909.42
2025-09-18,Maharashtra,Dhule,Pune,Wheat,Lokwan,3048.38,3741.15,3549.03
2025-09-23,Maharashtra,Sangli,Ahmednagar,Tomato,Hybrid,3683.5,4305.61,4007.79
2025-04-24,Maharashtra,Dhule,Jalgaon,Chickpea,Desi,1527.84,2300.84,2025.07
2025-06-14,Maharashtra,Pune,Pune,Rice,Non-Basmati,1557.78,2198.02,1966.35
2025-02-25,Maharashtra,Dhule,Ahmednagar,Wheat,Lokwan,3766.86,4362.8,3888.12
2025-12-08,Maharashtra,Nashik,Kolhapur,Maize,White,964.89,2440.26,1576.53
2025-12-22,Maharashtra,Ahmednagar,Kolhapur,Onion,White,1717.77,3008.51,2382.04
2025-09-07,Maharashtra,Kolhapur,Lasalgaon,Onion,White,1799.4,2683.94,1915.13
2025-08-31,Maharashtra,Solapur,Kolhapur,Potato,Jyoti,737.55,2195.97,1311.11
2025-01-02,Maharashtra,Kolhapur,Nashik,Tomato,Local,2766.03,3630.01,3097.52
2025-05-23,Maharashtra,Nashik,Sangli,Rice,Non-Basmati,1727.57,2469.4,2178.95
2025-06-18,Maharashtra,Kolhapur,Ahmednagar,Soybean,Yellow,987.06,2229.31,1387.06
2025-03-04,Maharashtra,Ahmednagar,Pune,Cotton,Medium Staple,3179.44,4269.41,3610.23
2025-06-03,Maharashtra,Pune,Jalgaon,Wheat,Sharbati,513.52,1777.79,910.63
2025-12-16,Maharashtra,Jalgaon,Jalgaon,Sugarcane,Local,1710.67,2943.52,2322.7
2025-09-12,Maharashtra,Pune,Kolhapur,Sugarcane,Local,3058.29,4288.51,3568.39
2025-03-07,Maharashtra,Ahmednagar,Sangli,Wheat,Sharbati,3250.46,4410.55,3598.04
2025-10-12,Maharashtra,Ahmednagar,Sangli,Maize,White,2499.89,3720.43,3013.03
2025-07-07,Maharashtra,Solapur,Solapur,Sugarcane,Local,764.88,1994.02,1443.91
2025-07-12,Maharashtra,Kolhapur,Solapur,Cotton,Long Staple,2544.47,3170.19,2692.65
2025-10-23,Maharashtra,Kolhapur,Nashik,Maize,White,2593.91,3685.46,2926.76
2025-01-11,Maharashtra,Jalgaon,Kolhapur,Onion,White,1347.51,2687.38,1969.79
2025-06-29,Maharashtra,Aurangabad,Pune,Potato,Local,2408.48,3345.06,2951.91
2025-12-09,Maharashtra,Dhule,Solapur,Sugarcane,Local,100.0,1225.37,726.7
2025-03-31,Maharashtra,Satara,Nashik,Sugarcane,Local,272.03,1003.91,395.92
2025-08-11,Maharashtra,Satara,Lasalgaon,Potato,Local,1111.69,1852.05,1729.35
2025-12-01,Maharashtra,Sangli,Sangli,Sugarcane,Local,2756.65,3629.78,3331.73
2025-08-14,Maharashtra,Pune,Pune,Onion,Red,2943.25,3832.44,3532.27
2025-04-13,Maharashtra,Satara,Pune,Potato,Local,506.6,1771.54,964.96
2025-12-03,Maharashtra,Satara,Nashik,Soybean,Yellow,4130.3,4626.64,4261.45
2025-12-21,Maharashtra,Sangli,Solapur,Wheat,Sharbati,2184.51,3144.1,2607.98
2025-12-22,Maharashtra,Satara,Sangli,Sugarcane,Local,297.11,1407.03,641.76
2025-08-20,Maharashtra,Sangli,Sangli,Maize,Yellow,2448.06,3172.04,2864.29
2025-09-24,Maharashtra,Solapur,Pune,Soybean,Bold,3482.52,4225.7,4026.69
2025-10-11,Maharashtra,Ahmednagar,Pune,Soybean,Yellow,1460.72,2776.98,1918.29
2025-07-09,Maharashtra,Nashik,Kolhapur,Sugarcane,Local,3396.96,4336.25,3672.5
2025-02-17,Maharashtra,Solapur,Sangli,Maize,Yellow,3771.14,4472.49,4230.84
2025-10-11,Maharashtra,Jalgaon,Lasalgaon,Cotton,Long Staple,2398.73,3304.38,2548.61
2025-10-29,Maharashtra,Kolhapur,Nashik,Maize,White,1502.54,2335.46,1605.76
2025-02-24,Maharashtra,Kolhapur,Lasalgaon,Soybean,Yellow,3563.5,4674.45,3904.41
2025-12-05,Maharashtra,Kolhapur,Solapur,Maize,Yellow,3345.85,4221.13,3900.16
2025-04-29,Maharashtra,Solapur,Kolhapur,Wheat,Sharbati,396.36,1448.81,989.94
2025-01-02,Maharashtra,Kolhapur,Lasalgaon,Potato,Local,1948.0,3032.84,2377.9
2025-08-12,Maharashtra,Pune,Lasalgaon,Rice,Non-Basmati,2744.18,3777.52,3364.99
2025-08-24,Maharashtra,Dhule,Solapur,Rice,Basmati,3255.85,3587.37,3431.4
2025-07-22,Maharashtra,Aurangabad,Ahmednagar,Maize,White,1474.5,2362.13,2152.97
2025-05-24,Maharashtra,Dhule,Jalgaon,Tomato,Local,696.59,1927.34,1349.65
2025-01-11,Maharashtra,Jalgaon,Jalgaon,Maize,White,3925.27,4784.95,4384.81
2025-09-16,Maharashtra,Sangli,Ahmednagar,Sugarcane,Local,2472.01,2711.55,2607.25
2025-10-25,Maharashtra,Aurangabad,Kolhapur,Onion,Red,1913.11,2999.11,2285.63
2025-06-06,Maharashtra,Dhule,Kolhapur,Soybean,Bold,1586.55,2227.48,1794.12
2025-07-16,Maharashtra,Pune,Nashik,Potato,Local,1781.13,2609.2,2258.18
2025-04-02,Maharashtra,Aurangabad,Jalgaon,Rice,Basmati,396.45,1281.25,610.43
2025-11-29,Maharashtra,Aurangabad,Sangli,Tomato,Hybrid,3309.71,4162.88,3698.79
2025-06-02,Maharashtra,Dhule,Lasalgaon,Sugarcane,Local,1951.58,2830.82,2174.95
2025-05-14,Maharashtra,Aurangabad,Nashik,Tomato,Local,100.0,410.56,300.0
2025-04-26,Maharashtra,Jalgaon,Solapur,Tomato,Hybrid,1069.44,1425.73,1318.19
2025-03-08,Maharashtra,Satara,Jalgaon,Maize,White,3531.56,4197.0,3649.08
2025-05-30,Maharashtra,Satara,Ahmednagar,Soybean,Bold,1799.63,3215.07,2329.3
2025-09-13,Maharashtra,Solapur,Nashik,Cotton,Medium Staple,1269.42,1871.34,1553.46
2025-02-10,Maharashtra,Dhule,Ahmednagar,Wheat,Sharbati,2140.0,3305.18,2658.87
2025-06-30,Maharashtra,Kolhapur,Lasalgaon,Tomato,Local,1649.47,2379.37,2141.56
2025-07-07,Maharashtra,Jalgaon,Sangli,Sugarcane,Local,2492.9,2981.81,2632.57
2025-02-08,Maharashtra,Nashik,Solapur,Rice,Non-Basmati,2596.27,3045.95,2883.49
2025-11-07,Maharashtra,Aurangabad,Solapur,Maize,Yellow,1080.26,2325.01,1520.38
2025-11-23,Maharashtra,Dhule,Lasalgaon,Sugarcane,Local,1157.68,2157.07,1808.72
2025-08-05,Maharashtra,Dhule,Ahmednagar,Cotton,Long Staple,1277.91,1903.08,1618.7
2025-05-10,Maharashtra,Jalgaon,Nashik,Sugarcane,Local,1251.2,2338.56,1654.08
2025-09-21,Maharashtra,Kolhapur,Sangli,Sugarcane,Local,1196.33,2005.98,1746.43
2025-04-24,Maharashtra,Jalgaon,Solapur,Soybean,Bold,1569.6,2443.8,2151.58
2025-03-04,Maharashtra,Aurangabad,Lasalgaon,Wheat,Lokwan,1116.6,1953.5,1770.61
2025-04-07,Maharashtra,Dhule,Lasalgaon,Onion,White,2293.55,3562.16,2691.87
2025-11-26,Maharashtra,Jalgaon,Pune,Maize,White,1907.33,2421.75,2123.64
2025-01-18,Maharashtra,Jalgaon,Ahmednagar,Rice,Non-Basmati,1093.46,2548.64,1652.11
2025-07-24,Maharashtra,Nashik,Pune,Potato,Local,124.65,540.92,300.0
2025-08-01,Maharashtra,Ahmednagar,Nashik,Potato,Jyoti,1065.25,1532.78,1416.26
2025-04-07,Maharashtra,Satara,Jalgaon,Wheat,Sharbati,1585.64,2879.12,2062.57
2025-10-06,Maharashtra,Kolhapur,Lasalgaon,Chickpea,Desi,3134.0,4213.13,3649.11
2025-08-24,Maharashtra,Solapur,Kolhapur,Maize,White,1876.23,2797.18,2416.05
2025-06-17,Maharashtra,Aurangabad,Ahmednagar,Sugarcane,Local,467.89,1194.68,684.01
2025-03-01,Maharashtra,Pune,Nashik,Potato,Jyoti,1928.58,2926.15,2617.57
2025-03-26,Maharashtra,Solapur,Nashik,Soybean,Bold,1749.92,2564.78,1956.97
2025-09-18,Maharashtra,Satara,Sangli,Sugarcane,Local,3027.53,3778.35,3185.17
2025-12-21,Maharashtra,Solapur,Pune,Wheat,Sharbati,246.64,909.23,745.07
2025-06-15,Maharashtra,Aurangabad,Nashik,Tomato,Hybrid,3307.41,4781.96,3953.41
2025-08-16,Maharashtra,Pune,Sangli,Wheat,Lokwan,2600.78,3504.83,3036.41
2025-03-01,Maharashtra,Jalgaon,Sangli,Cotton,Medium Staple,1792.11,2505.52,2249.4
2025-06-13,Maharashtra,Nashik,Ahmednagar,Onion,White,224.29,993.29,647.39
2025-08-18,Maharashtra,Aurangabad,Pune,Cotton,Long Staple,621.23,1539.85,746.88
2025-03-23,Maharashtra,Kolhapur,Pune,Wheat,Sharbati,2813.67,3729.0,3322.45
2025-06-06,Maharashtra,Jalgaon,Lasalgaon,Potato,Jyoti,3148.91,4013.4,3463.83
2025-07-10,Maharashtra,Ahmednagar,Nashik,Cotton,Medium Staple,3088.51,4608.06,3749.91
2025-12-28,Maharashtra,Satara,Sangli,Cotton,Medium Staple,4288.65,5122.1,4500.72
2025-09-01,Maharashtra,Jalgaon,Lasalgaon,Onion,White,3117.71,4039.55,3398.98
2025-08-30,Maharashtra,Jalgaon,Ahmednagar,Chickpea,Desi,2586.08,3287.85,2989.0
2025-08-10,Maharashtra,Solapur,Nashik,Maize,Yellow,4979.74,6000.79,5366.15
2025-06-17,Maharashtra,Dhule,Nashik,Tomato,Hybrid,1505.27,2260.49,1845.45
2025-05-01,Maharashtra,Dhule,Lasalgaon,Rice,Basmati,2090.53,3208.01,2379.17
2025-01-02,Maharashtra,Kolhapur,Sangli,Potato,Local,462.17,854.11,650.48
2025-04-28,Maharashtra,Satara,Lasalgaon,Onion,White,2656.82,3577.89,3249.38
2025-05-16,Maharashtra,Ahmednagar,Nashik,Sugarcane,Local,1886.6,2408.66,2255.86
2025-11-26,Maharashtra,Solapur,Kolhapur,Rice,Non-Basmati,1312.03,2160.53,1755.81
2025-05-07,Maharashtra,Jalgaon,Lasalgaon,Rice,Basmati,1352.79,1999.42,1780.72
2025-08-29,Maharashtra,Aurangabad,Lasalgaon,Potato,Local,1100.72,2322.13,1546.02
2025-04-18,Maharashtra,Kolhapur,Ahmednagar,Rice,Basmati,1774.37,3137.31,2297.28
2025-10-26,Maharashtra,Dhule,Nashik,Rice,Basmati,292.17,1405.34,769.8
2025-04-22,Maharashtra,Satara,Pune,Soybean,Bold,613.55,1060.56,877.89
2025-06-12,Maharashtra,Nashik,Ahmednagar,Wheat,Lokwan,739.19,1544.72,1171.41
2025-10-02,Maharashtra,Jalgaon,Kolhapur,Maize,Yellow,1509.16,2627.46,1755.87
2025-01-19,Maharashtra,Ahmednagar,Kolhapur,Wheat,Lokwan,1489.94,2152.28,1943.24
2025-08-21,Maharashtra,Ahmednagar,Jalgaon,Wheat,Sharbati,100.0,845.19,300.0
2025-01-20,Maharashtra,Jalgaon,Sangli,Soybean,Yellow,1758.16,2264.15,1881.81
2025-08-29,Maharashtra,Solapur,Nashik,Maize,Yellow,950.1,2389.82,1490.49
2025-09-17,Maharashtra,Dhule,Kolhapur,Onion,Red,3174.52,3767.63,3439.32
2025-02-18,Maharashtra,Solapur,Ahmednagar,Maize,Yellow,767.9,1558.24,1420.02
2025-06-03,Maharashtra,Pune,Jalgaon,Tomato,Hybrid,3436.44,4366.52,3704.77
2025-01-03,Maharashtra,Sangli,Ahmednagar,Cotton,Medium Staple,3892.29,4951.65,4590.26
2025-11-04,Maharashtra,Ahmednagar,Kolhapur,Soybean,Bold,3522.41,4526.25,3900.18
2025-10-19,Maharashtra,Solapur,Pune,Chickpea,Kabuli,1206.06,1505.63,1321.91
2025-06-18,Maharashtra,Ahmednagar,Kolhapur,Tomato,Hybrid,2977.58,3641.79,3123.34
2025-07-17,Maharashtra,Nashik,Lasalgaon,Soybean,Bold,1193.3,1742.74,1342.55
2025-06-28,Maharashtra,Solapur,Pune,Soybean,Yellow,1375.66,2038.81,1509.39
2025-04-13,Maharashtra,Jalgaon,Nashik,Rice,Non-Basmati,1329.27,2372.72,1589.95
2025-08-07,Maharashtra,Kolhapur,Ahmednagar,Tomato,Hybrid,2368.62,3541.57,2663.37
2025-01-16,Maharashtra,Satara,Ahmednagar,Sugarcane,Local,1284.51,2153.79,1451.28
2025-02-16,Maharashtra,Aurangabad,Nashik,Soybean,Yellow,2183.53,3259.9,2546.41
2025-12-02,Maharashtra,Jalgaon,Jalgaon,Soybean,Bold,3695.75,4538.11,4014.96
2025-02-15,Maharashtra,Solapur,Lasalgaon,Cotton,Long Staple,696.05,1355.77,1177.85
2025-04-10,Maharashtra,Satara,Kolhapur,Wheat,Lokwan,352.68,1203.85,570.2
2025-07-02,Maharashtra,Ahmednagar,Kolhapur,Sugarcane,Local,1083.44,1950.06,1731.83
2025-12-20,Maharashtra,Ahmednagar,Jalgaon,Wheat,Lokwan,3803.99,4510.11,4213.59
2025-08-04,Maharashtra,Aurangabad,Ahmednagar,Potato,Local,2852.05,3992.35,3326.29
2025-05-14,Maharashtra,Aurangabad,Kolhapur,Rice,Non-Basmati,1350.83,2100.14,1474.55
2025-12-06,Maharashtra,Dhule,Nashik,Maize,White,810.0,1596.91,1245.45
2025-11-13,Maharashtra,Sangli,Jalgaon,Wheat,Sharbati,2567.53,3606.03,2888.39
2025-01-09,Maharashtra,Dhule,Solapur,Chickpea,Desi,1962.62,3468.58,2617.13
2025-08-01,Maharashtra,Jalgaon,Pune,Chickpea,Kabuli,2615.94,3783.54,3247.33
2025-05-19,Maharashtra,Pune,Solapur,Maize,White,631.12,1755.86,1113.71
2025-08-10,Maharashtra,Kolhapur,Solapur,Maize,Yellow,1838.72,2716.85,2399.43
2025-11-17,Maharashtra,Pune,Pune,Wheat,Sharbati,3088.41,4451.81,
2025-04-01,Maharashtra,Kolhapur,Nashik,Onion,White,3744.18,4173.32,3854.36
2025-11-11,Maharashtra,Ahmednagar,Pune,Tomato,Hybrid,491.6,1823.4,1013.47
2025-04-22,Maharashtra,Dhule,Lasalgaon,Soybean,Bold,2191.33,3239.88,2397.59
2025-04-23,Maharashtra,Solapur,Solapur,Soybean,Yellow,1647.29,2832.54,2156.83
2025-07-17,Maharashtra,Jalgaon,Ahmednagar,Maize,White,1389.53,2245.1,1495.83
2025-09-20,Maharashtra,Solapur,Solapur,Potato,Local,1330.91,2083.74,1617.45
2025-11-13,Maharashtra,Pune,Jalgaon,Chickpea,Desi,2770.27,4016.06,3180.42
2025-11-09,Maharashtra,Solapur,Nashik,Sugarcane,Local,1280.93,2274.95,1580.84
2025-12-08,Maharashtra,Sangli,Pune,Soybean,Yellow,1835.72,2713.51,2352.12
2025-06-11,Maharashtra,Dhule,Ahmednagar,Wheat,Lokwan,2670.45,3212.03,3084.07
2025-03-25,Maharashtra,Ahmednagar,Jalgaon,Potato,Jyoti,3927.13,5135.56,4602.93
2025-02-14,Maharashtra,Jalgaon,Kolhapur,Potato,Local,2544.55,3631.76,2859.24
2025-02-14,Maharashtra,Jalgaon,Sangli,Potato,Local,2831.85,4153.5,3364.96
2025-09-28,Maharashtra,Aurangabad,Kolhapur,Tomato,Hybrid,2214.04,3583.64,2815.54
2025-07-29,Maharashtra,Ahmednagar,Ahmednagar,Sugarcane,Local,2001.12,2525.08,2253.29
2025-06-23,Maharashtra,Dhule,Nashik,Onion,White,1679.39,2672.79,2231.87
2025-09-04,Maharashtra,Satara,Nashik,Potato,Local,2024.46,2951.51,2360.45
2025-06-23,Maharashtra,Satara,Nashik,Maize,Yellow,122.76,934.05,300.0
2025-02-05,Maharashtra,Pune,Jalgaon,Cotton,Long Staple,2005.38,2475.23,2107.57
2025-10-29,Maharashtra,Dhule,Pune,Onion,White,2479.69,3680.06,3025.94
2025-10-25,Maharashtra,Kolhapur,Nashik,Maize,Yellow,1403.89,2188.36,1615.64
2025-06-07,Maharashtra,Pune,Jalgaon,Sugarcane,Local,4112.65,4796.79,4243.37
2025-05-19,Maharashtra,Solapur,Lasalgaon,Cotton,Long Staple,2251.91,3280.65,2650.23
2025-02-02,Maharashtra,Sangli,Lasalgaon,Potato,Local,2034.57,2925.28,2342.59
2025-09-08,Maharashtra,Jalgaon,Solapur,Chickpea,Desi,2987.95,3736.54,3503.04
2025-11-22,Maharashtra,Aurangabad,Solapur,Rice,Non-Basmati,3012.47,3976.42,3176.89
2025-06-20,Maharashtra,Pune,Pune,Sugarcane,Local,3679.79,4151.84,3859.38
2025-04-20,Maharashtra,Kolhapur,Sangli,Onion,Red,3750.65,4788.71,4093.12
2025-06-16,Maharashtra,Sangli,Solapur,Chickpea,Kabuli,3846.12,4499.53,4258.37
2025-05-05,Maharashtra,Pune,Solapur,Chickpea,Desi,2453.71,3677.0,3048.23
2025-08-02,Maharashtra,Aurangabad,Solapur,Wheat,Lokwan,804.28,2072.2,1255.65
2025-10-22,Maharashtra,Ahmednagar,Ahmednagar,Rice,Non-Basmati,1572.44,2321.77,2214.0
2025-06-30,Maharashtra,Sangli,Kolhapur,Cotton,Medium Staple,4236.14,5350.54,4466.8
2025-03-24,Maharashtra,Aurangabad,Jalgaon,Wheat,Sharbati,2353.54,2935.01,2811.27
2025-12-28,Maharashtra,Nashik,Solapur,Onion,Red,1485.84,2088.08,1978.98
2025-11-15,Maharashtra,Kolhapur,Kolhapur,Cotton,Medium Staple,1310.65,2632.18,1846.13
2025-01-25,Maharashtra,Nashik,Nashik,Potato,Jyoti,513.87,1874.02,1207.06
2025-09-03,Maharashtra,Satara,Solapur,Onion,Red,3222.38,3787.85,3603.2
2025-02-10,Maharashtra,Satara,Ahmednagar,Soybean,Bold,1636.38,2807.9,1957.97
2025-02-28,Maharashtra,Nashik,Pune,Potato,Jyoti,709.31,1958.18,1320.64
2025-06-26,Maharashtra,Kolhapur,Ahmednagar,Maize,White,1250.07,1644.98,1456.14
2025-01-30,Maharashtra,Dhule,Nashik,Chickpea,Kabuli,177.78,1088.44,300.0
2025-02-14,Maharashtra,Ahmednagar,Ahmednagar,Chickpea,Kabuli,2981.19,3832.07,3347.34
2025-11-05,Maharashtra,Aurangabad,Kolhapur,Rice,Non-Basmati,1966.81,2537.64,2215.13
2025-06-03,Maharashtra,Nashik,Nashik,Wheat,Sharbati,687.65,1785.6,1025.57
2025-02-09,Maharashtra,Pune,Pune,Sugarcane,Local,3472.93,4855.34,4164.58
2025-05-20,Maharashtra,Nashik,Kolhapur,Wheat,Sharbati,2246.72,3154.25,2555.82
2025-09-14,Maharashtra,Jalgaon,Sangli,Sugarcane,Local,100.0,1118.81,300.0
2025-03-11,Maharashtra,Solapur,Solapur,Maize,White,3115.93,4155.2,3366.17
2025-05-16,Maharashtra,Kolhapur,Lasalgaon,Tomato,Local,1005.04,1568.52,1287.09
2025-08-24,Maharashtra,Sangli,Sangli,Potato,Local,2968.63,4017.47,3214.52
2025-04-22,Maharashtra,Jalgaon,Solapur,Potato,Jyoti,2662.84,3505.37,3106.14
2025-02-02,Maharashtra,Jalgaon,Lasalgaon,Wheat,Sharbati,2429.17,3110.26,2664.84
2025-07-15,Maharashtra,Satara,Nashik,Maize,Yellow,466.93,1875.82,997.95
2025-06-27,Maharashtra,Sangli,Ahmednagar,Cotton,Long Staple,512.68,1728.74,1020.84
2025-12-26,Maharashtra,Aurangabad,Nashik,Tomato,Local,2088.56,2798.51,2441.32
2025-05-14,Maharashtra,Nashik,Nashik,Cotton,Long Staple,1255.0,1988.69,1370.35
2025-07-10,Maharashtra,Solapur,Solapur,Rice,Non-Basmati,3849.6,4494.65,3963.19
2025-12-01,Maharashtra,Sangli,Pune,Wheat,Lokwan,1958.55,2571.52,2378.24
2025-01-06,Maharashtra,Jalgaon,Nashik,Maize,Yellow,690.64,2104.37,1294.16
2025-10-20,Maharashtra,Pune,Jalgaon,Maize,White,3238.94,4455.77,3698.27
2025-06-28,Maharashtra,Pune,Nashik,Onion,White,100.0,1022.17,300.0
2025-10-10,Maharashtra,Ahmednagar,Nashik,Soybean,Bold,1712.53,2889.12,2341.8
2025-04-16,Maharashtra,Ahmednagar,Ahmednagar,Potato,Jyoti,2949.21,3444.08,3167.41
2025-09-03,Maharashtra,Kolhapur,Solapur,Maize,Yellow,949.57,2072.35,1265.23
2025-11-21,Maharashtra,Nashik,Kolhapur,Chickpea,Kabuli,1541.91,2363.46,1981.09
2025-08-19,Maharashtra,Pune,Lasalgaon,Tomato,Local,1415.72,1806.82,1690.72
2025-08-03,Maharashtra,Nashik,Sangli,Potato,Local,452.03,2036.08,1150.66
2025-09-30,Maharashtra,Jalgaon,Nashik,Potato,Local,2220.36,3380.68,2591.76
2025-04-15,Maharashtra,Aurangabad,Sangli,Wheat,Lokwan,3390.19,4119.37,3521.23
2025-01-23,Maharashtra,Jalgaon,Pune,Tomato,Local,4698.84,5014.42,4904.49
2025-10-22,Maharashtra,Ahmednagar,Pune,Sugarcane,Local,2994.86,3696.52,3414.35
2025-06-10,Maharashtra,Ahmednagar,Jalgaon,Sugarcane,Local,1746.76,2638.43,2176.79
2025-07-13,Maharashtra,Nashik,Pune,Maize,White,3147.09,4440.05,3837.58
2025-09-23,Maharashtra,Sangli,Nashik,Tomato,Hybrid,685.06,1811.57,1145.04
2025-03-24,Maharashtra,Ahmednagar,Sangli,Maize,White,1356.48,2587.07,1856.45
2025-06-17,Maharashtra,Pune,Lasalgaon,Maize,White,3414.92,4187.68,3643.15
2025-11-25,Maharashtra,Ahmednagar,Solapur,Onion,Red,1546.22,2335.28,1710.34
2025-05-23,Maharashtra,Dhule,Sangli,Potato,Local,2108.11,3318.32,2569.32
2025-02-12,Maharashtra,Dhule,Solapur,Tomato,Local,1039.72,2334.52,1658.65
2025-12-10,Maharashtra,Nashik,Jalgaon,Cotton,Long Staple,1788.81,3105.08,2241.23
2025-01-12,Maharashtra,Pune,Sangli,Sugarcane,Local,2051.25,3216.64,2416.92
2025-01-22,Maharashtra,Nashik,Nashik,Maize,Yellow,2618.68,3301.09,3065.6
2025-01-18,Maharashtra,Dhule,Lasalgaon,Tomato,Local,2317.58,3556.78,2698.84
2025-03-03,Maharashtra,Nashik,Nashik,Potato,Jyoti,3172.86,3621.33,3357.99
2025-07-08,Maharashtra,Satara,Pune,Onion,White,2425.83,3863.56,2970.55
2025-03-20,Maharashtra,Aurangabad,Lasalgaon,Rice,Non-Basmati,1840.34,2921.23,2260.17
2025-06-16,Maharashtra,Dhule,Ahmednagar,Rice,Non-Basmati,1429.26,2370.88,1768.86
2025-05-30,Maharashtra,Dhule,Ahmednagar,Rice,Basmati,966.71,1761.95,1402.5
2025-08-11,Maharashtra,Kolhapur,Sangli,Tomato,Local,100.0,506.49,300.0
2025-04-15,Maharashtra,Dhule,Kolhapur,Chickpea,Kabuli,2005.12,2562.83,2361.89
2025-09-11,Maharashtra,Dhule,Jalgaon,Tomato,Local,654.87,1921.6,1128.34
2025-01-07,Maharashtra,Aurangabad,Nashik,Tomato,Hybrid,1212.91,1894.58,1448.63
2025-06-12,Maharashtra,Ahmednagar,Solapur,Wheat,Sharbati,1589.96,2687.24,2139.36
2025-10-17,Maharashtra,Pune,Nashik,Potato,Jyoti,1462.11,2720.18,1874.71
2025-07-14,Maharashtra,Solapur,Nashik,Potato,Local,2540.11,3461.41,3157.13
2025-11-15,Maharashtra,Sangli,Sangli,Tomato,Local,1691.71,3011.2,2300.05
2025-05-10,Maharashtra,Pune,Sangli,Wheat,Sharbati,4055.45,4928.53,4452.16
2025-04-19,Maharashtra,Dhule,Pune,Soybean,Bold,4915.59,5403.07,5132.87
2025-08-07,Maharashtra,Dhule,Jalgaon,Cotton,Medium Staple,1590.69,2915.05,2132.67
2025-11-15,Maharashtra,Solapur,Kolhapur,Chickpea,Desi,1132.4,2127.57,1483.61
2025-05-10,Maharashtra,Sangli,Lasalgaon,Soybean,Yellow,100.0,560.05,384.11
2025-09-01,Maharashtra,Sangli,Nashik,Tomato,Local,4529.01,5226.77,4693.37
2025-11-03,Maharashtra,Sangli,Solapur,Wheat,Sharbati,1152.33,2412.69,1631.28
2025-10-24,Maharashtra,Jalgaon,Ahmednagar,Chickpea,Desi,1527.53,2005.21,1851.66
2025-03-26,Maharashtra,Jalgaon,Ahmednagar,Sugarcane,Local,1359.91,2093.44,1660.42
2025-09-12,Maharashtra,Solapur,Sangli,Wheat,Lokwan,1420.05,2852.17,2108.0
2025-11-23,Maharashtra,Nashik,Sangli,Rice,Non-Basmati,1568.21,2714.35,1927.67
2025-08-25,Maharashtra,Dhule,Pune,Cotton,Medium Staple,2985.33,4212.45,3492.15
2025-01-01,Maharashtra,Nashik,Lasalgaon,Soybean,Yellow,100.0,644.57,300.0
2025-09-22,Maharashtra,Kolhapur,Ahmednagar,Wheat,Sharbati,2112.26,2780.39,2274.84
2025-07-13,Maharashtra,Solapur,Pune,Potato,Local,2812.84,4054.61,3361.59
2025-12-30,Maharashtra,Nashik,Sangli,Maize,White,1377.63,1893.6,1671.53
2025-12-23,Maharashtra,Solapur,Jalgaon,Cotton,Long Staple,2626.62,3781.98,3205.99
2025-05-02,Maharashtra,Kolhapur,Kolhapur,Wheat,Lokwan,2142.82,3283.7,2607.4
2025-12-30,Maharashtra,Dhule,Kolhapur,Sugarcane,Local,1348.39,2418.64,1638.64
2025-01-04,Maharashtra,Pune,Solapur,Tomato,Hybrid,100.0,514.69,325.35
2025-05-29,Maharashtra,Jalgaon,Pune,Tomato,Local,2448.93,3351.58,2987.84
2025-03-02,Maharashtra,Sangli,Jalgaon,Cotton,Medium Staple,2451.93,3415.29,2881.97
2025-10-09,Maharashtra,Dhule,Nashik,Maize,Yellow,1110.24,2272.09,1611.25
2025-04-27,Maharashtra,Pune,Sangli,Potato,Local,3216.87,4095.89,3411.86
2025-06-21,Maharashtra,Pune,Sangli,Wheat,Lokwan,1345.74,2220.53,1917.93
2025-11-30,Maharashtra,Solapur,Pune,Potato,Local,3449.09,3852.42,3741.32
2025-08-26,Maharashtra,Solapur,Solapur,Tomato,Hybrid,2391.69,3518.66,2863.6
2025-05-18,Maharashtra,Ahmednagar,Pune,Wheat,Sharbati,4107.19,5103.3,4276.0
2025-08-06,Maharashtra,Sangli,Jalgaon,Tomato,Local,2642.76,3673.63,2935.62
2025-03-23,Maharashtra,Pune,Solapur,Sugarcane,Local,2044.31,3131.6,2533.63
2025-08-07,Maharashtra,Nashik,Sangli,Potato,Jyoti,100.0,1182.06,300.0
2025-12-03,Maharashtra,Solapur,Kolhapur,Maize,Yellow,1936.22,3010.9,2564.41
2025-07-21,Maharashtra,Satara,Jalgaon,Cotton,Medium Staple,1716.19,2732.97,2212.93
2025-03-16,Maharashtra,Satara,Pune,Tomato,Local,3816.03,4548.02,4438.2
2025-02-16,Maharashtra,Pune,Lasalgaon,Sugarcane,Local,2418.93,3612.92,2756.16
2025-12-10,Maharashtra,Satara,Ahmednagar,Sugarcane,Local,3318.62,4005.69,3439.01
2025-12-05,Maharashtra,Solapur,Pune,Potato,Local,3738.98,4597.31,4184.67
2025-08-24,Maharashtra,Aurangabad,Pune,Sugarcane,Local,3803.91,4243.08,4107.43
2025-05-31,Maharashtra,Nashik,Kolhapur,Cotton,Long Staple,2026.68,2785.53,2395.6
2025-05-03,Maharashtra,Nashik,Jalgaon,Maize,White,4546.04,5157.59,5054.71
2025-09-03,Maharashtra,Pune,Lasalgaon,Rice,Basmati,1372.29,2252.16,1892.69
2025-09-11,Maharashtra,Solapur,Lasalgaon,Rice,Basmati,3980.05,4957.75,4096.58
2025-02-23,Maharashtra,Dhule,Nashik,Sugarcane,Local,1042.53,1827.53,1604.11
2025-07-06,Maharashtra,Ahmednagar,Lasalgaon,Tomato,Hybrid,3135.92,4068.36,3532.04
2025-10-08,Maharashtra,Sangli,Solapur,Onion,Red,909.42,1592.73,1343.44
2025-03-08,Maharashtra,Ahmednagar,Ahmednagar,Maize,Yellow,2963.69,3969.19,3242.48
2025-05-21,Maharashtra,Dhule,Ahmednagar,Tomato,Hybrid,1122.79,2025.2,1475.29
2025-01-21,Maharashtra,Solapur,Nashik,Tomato,Hybrid,729.68,1517.69,1255.91
2025-01-22,Maharashtra,Dhule,Solapur,Onion,Red,774.4,2133.42,1340.43
2025-06-24,Maharashtra,Dhule,Jalgaon,Wheat,Lokwan,2765.31,3824.79,
2025-07-10,Maharashtra,Jalgaon,Nashik,Rice,Basmati,2578.72,3954.43,3093.39
2025-10-12,Maharashtra,Pune,Jalgaon,Chickpea,Kabuli,2833.41,3188.74,3088.24
2025-11-01,Maharashtra,Aurangabad,Nashik,Maize,Yellow,2166.39,3231.29,2765.6
2025-12-29,Maharashtra,Kolhapur,Ahmednagar,Wheat,Sharbati,1453.26,2819.02,1919.15
2025-10-08,Maharashtra,Aurangabad,Kolhapur,Onion,White,1069.18,2383.25,1634.3
2025-11-28,Maharashtra,Nashik,Jalgaon,Chickpea,Kabuli,871.64,2022.97,1257.94
2025-11-01,Maharashtra,Solapur,Solapur,Maize,Yellow,948.57,1782.94,1186.03
2025-09-18,Maharashtra,Solapur,Sangli,Soybean,Bold,3598.1,4625.96,3955.64
2025-06-06,Maharashtra,Solapur,Ahmednagar,Onion,White,900.49,1973.65,1229.38
2025-09-18,Maharashtra,Kolhapur,Kolhapur,Maize,Yellow,1081.8,1555.26,1381.43
2025-02-08,Maharashtra,Sangli,Sangli,Soybean,Yellow,1074.89,1956.26,1302.2
2025-12-03,Maharashtra,Sangli,Pune,Wheat,Lokwan,352.46,1660.29,907.96
2025-01-30,Maharashtra,Ahmednagar,Jalgaon,Soybean,Yellow,2713.77,2998.28,2865.58
2025-09-15,Maharashtra,Aurangabad,Sangli,Onion,Red,1224.36,2194.54,1856.9
2025-09-28,Maharashtra,Sangli,Ahmednagar,Rice,Basmati,2098.43,2662.65,2303.44
2025-02-20,Maharashtra,Sangli,Pune,Onion,White,1672.24,3143.83,2360.16
2025-10-06,Maharashtra,Dhule,Sangli,Potato,Jyoti,2153.32,3570.68,2846.4
2025-08-22,Maharashtra,Pune,Pune,Cotton,Long Staple,2282.49,3246.66,2621.53
2025-01-26,Maharashtra,Dhule,Kolhapur,Wheat,Lokwan,3227.87,4664.34,3920.56
2025-01-11,Maharashtra,Solapur,Kolhapur,Cotton,Long Staple,1077.07,2161.25,1698.51
2025-01-24,Maharashtra,Jalgaon,Ahmednagar,Tomato,Hybrid,1639.99,2589.35,1789.45
2025-08-04,Maharashtra,Dhule,Pune,Wheat,Lokwan,1724.89,2680.66,2393.29
2025-11-23,Maharashtra,Sangli,Ahmednagar,Maize,Yellow,2286.55,3075.72,2412.06
2025-05-18,Maharashtra,Sangli,Kolhapur,Chickpea,Kabuli,511.33,1013.88,720.48
2025-08-13,Maharashtra,Jalgaon,Lasalgaon,Tomato,Local,157.26,739.91,608.02
2025-12-19,Maharashtra,Sangli,Ahmednagar,Maize,Yellow,2182.63,2658.39,2331.07
2025-04-20,Maharashtra,Jalgaon,Pune,Tomato,Local,3965.92,4657.28,4162.96
2025-11-24,Maharashtra,Satara,Jalgaon,Potato,Jyoti,3609.61,5056.46,4281.71
2025-07-25,Maharashtra,Nashik,Ahmednagar,Onion,White,462.54,1666.44,1159.35
2025-03-12,Maharashtra,Dhule,Kolhapur,Wheat,Sharbati,1404.51,2226.72,1983.4
2025-07-29,Maharashtra,Nashik,Ahmednagar,Rice,Basmati,2285.9,3589.24,2695.03
2025-07-04,Maharashtra,Pune,Jalgaon,Potato,Local,2224.52,3180.76,2864.7
2025-03-31,Maharashtra,Satara,Solapur,Wheat,Sharbati,1164.54,2219.91,1331.68
2025-09-04,Maharashtra,Sangli,Solapur,Rice,Non-Basmati,3877.25,5392.05,4542.98
2025-08-21,Maharashtra,Pune,Pune,Tomato,Hybrid,1504.76,2349.64,1815.69
2025-02-02,Maharashtra,Satara,Solapur,Soybean,Yellow,2325.78,3116.24,2942.67
2025-05-27,Maharashtra,Kolhapur,Sangli,Cotton,Long Staple,1603.86,2761.22,2104.88
2025-06-19,Maharashtra,Ahmednagar,Solapur,Rice,Basmati,1434.61,2887.35,2110.78
2025-08-02,Maharashtra,Dhule,Kolhapur,Onion,White,2789.24,3864.28,3408.04
2025-11-10,Maharashtra,Solapur,Lasalgaon,Tomato,Local,3049.24,3973.21,3681.97
2025-08-16,Maharashtra,Aurangabad,Solapur,Onion,Red,2837.84,4059.15,3316.89
2025-05-26,Maharashtra,Jalgaon,Sangli,Chickpea,Desi,840.3,1976.26,1440.19
2025-05-26,Maharashtra,Kolhapur,Kolhapur,Wheat,Sharbati,331.01,1143.4,885.29
2025-01-22,Maharashtra,Ahmednagar,Ahmednagar,Soybean,Bold,5495.4,6552.01,5692.38
2025-03-30,Maharashtra,Sangli,Sangli,Rice,Basmati,2379.21,3726.85,2868.37
2025-06-29,Maharashtra,Jalgaon,Pune,Cotton,Long Staple,1233.66,1816.2,1422.56
2025-10-27,Maharashtra,Jalgaon,Nashik,Rice,Non-Basmati,3008.99,3781.86,3630.66
2025-09-22,Maharashtra,Dhule,Sangli,Onion,White,1273.36,2017.56,1412.93
2025-02-19,Maharashtra,Dhule,Pune,Soybean,Bold,4169.88,5215.89,4862.11
2025-08-18,Maharashtra,Jalgaon,Pune,Rice,Non-Basmati,1670.36,2163.82,2010.74
2025-03-02,Maharashtra,Sangli,Solapur,Tomato,Hybrid,3328.29,4344.11,3530.66
2025-01-19,Maharashtra,Jalgaon,Kolhapur,Chickpea,Kabuli,1784.73,3344.63,2446.13
2025-11-04,Maharashtra,Satara,Solapur,Soybean,Bold,543.8,1051.38,671.06
2025-11-07,Maharashtra,Satara,Pune,Wheat,Sharbati,937.2,2015.06,1319.27
2025-01-25,Maharashtra,Aurangabad,Kolhapur,Soybean,Yellow,1016.79,1731.54,1578.93
2025-07-26,Maharashtra,Satara,Ahmednagar,Cotton,Medium Staple,1388.17,2073.98,1678.22
2025-11-21,Maharashtra,Kolhapur,Lasalgaon,Tomato,Hybrid,2307.66,2911.96,2724.96
2025-03-16,Maharashtra,Jalgaon,Ahmednagar,Rice,Basmati,100.0,444.28,300.0
2025-05-21,Maharashtra,Ahmednagar,Pune,Maize,Yellow,2061.94,3304.16,2733.13
2025-11-24,Maharashtra,Satara,Solapur,Rice,Basmati,138.38,1041.62,300.0
2025-10-08,Maharashtra,Aurangabad,Sangli,Onion,White,2735.19,3391.9,2929.52
2025-04-01,Maharashtra,Sangli,Lasalgaon,Onion,White,1134.02,2058.68,1539.34
2025-03-16,Maharashtra,Solapur,Kolhapur,Potato,Jyoti,2310.46,2978.13,2661.54
2025-03-05,Maharashtra,Dhule,Kolhapur,Chickpea,Desi,552.77,1588.36,899.25
2025-03-23,Maharashtra,Ahmednagar,Nashik,Rice,Basmati,1466.63,2133.67,1744.81
2025-09-07,Maharashtra,Pune,Ahmednagar,Wheat,Lokwan,100.0,454.0,300.0
2025-05-18,Maharashtra,Solapur,Kolhapur,Sugarcane,Local,374.57,1236.95,1004.55
2025-04-07,Maharashtra,Ahmednagar,Sangli,Sugarcane,Local,3985.16,4384.49,4181.72
2025-04-10,Maharashtra,Kolhapur,Solapur,Wheat,Lokwan,3984.23,4662.11,4213.4
2025-09-30,Maharashtra,Solapur,Sangli,Soybean,Yellow,504.48,1159.15,1006.98
2025-08-29,Maharashtra,Aurangabad,Sangli,Tomato,Hybrid,1960.01,2838.91,2093.73
2025-01-05,Maharashtra,Jalgaon,Solapur,Potato,Jyoti,2545.73,3876.4,3049.99
2025-08-03,Maharashtra,Sangli,Sangli,Potato,Local,2307.9,2895.29,2596.57
2025-03-08,Maharashtra,Ahmednagar,Pune,Soybean,Bold,1494.2,2297.32,1808.91
2025-12-23,Maharashtra,Pune,Ahmednagar,Maize,Yellow,288.16,1146.74,631.49
2025-06-04,Maharashtra,Satara,Lasalgaon,Sugarcane,Local,3242.68,4440.44,3552.43
2025-01-29,Maharashtra,Satara,Kolhapur,Potato,Local,1285.87,2043.09,1890.59
2025-11-01,Maharashtra,Nashik,Ahmednagar,Cotton,Medium Staple,100.0,1159.75,525.44
2025-01-09,Maharashtra,Kolhapur,Jalgaon,Rice,Non-Basmati,2016.96,2822.38,2445.77
2025-07-19,Maharashtra,Sangli,Solapur,Potato,Jyoti,1638.59,2589.16,
2025-11-30,Maharashtra,Kolhapur,Lasalgaon,Soybean,Bold,1747.35,2163.26,1889.64
2025-08-18,Maharashtra,Solapur,Pune,Potato,Jyoti,2123.96,2880.07,2651.87
2025-11-12,Maharashtra,Sangli,Solapur,Tomato,Hybrid,1794.12,2539.43,2244.58
2025-11-04,Maharashtra,Kolhapur,Kolhapur,Onion,White,3715.33,4002.57,3845.56
2025-11-27,Maharashtra,Satara,Pune,Onion,White,1185.07,1726.59,1404.12
2025-09-24,Maharashtra,Nashik,Nashik,Maize,Yellow,1353.86,2227.3,1575.02
2025-12-26,Maharashtra,Nashik,Kolhapur,Potato,Local,3223.3,4047.06,3425.88
2025-06-12,Maharashtra,Pune,Nashik,Rice,Basmati,4999.21,6037.99,5494.4
2025-03-16,Maharashtra,Ahmednagar,Nashik,Chickpea,Kabuli,4649.57,5406.94,5306.63
2025-10-19,Maharashtra,Nashik,Lasalgaon,Maize,White,2820.49,3578.9,3378.28
2025-07-02,Maharashtra,Aurangabad,Jalgaon,Chickpea,Kabuli,1692.91,2853.63,2079.33
2025-04-19,Maharashtra,Pune,Kolhapur,Potato,Local,1516.72,2176.54,1859.15
2025-12-05,Maharashtra,Pune,Ahmednagar,Sugarcane,Local,1703.63,2865.26,2035.5
2025-07-19,Maharashtra,Kolhapur,Ahmednagar,Soybean,Yellow,100.0,1210.17,410.53
2025-06-30,Maharashtra,Satara,Nashik,Cotton,Medium Staple,3004.0,3543.47,3319.53
2025-01-28,Maharashtra,Jalgaon,Nashik,Chickpea,Desi,3849.95,4904.14,4085.62
2025-02-22,Maharashtra,Aurangabad,Pune,Rice,Non-Basmati,1876.24,2940.22,2337.95
2025-09-05,Maharashtra,Sangli,Jalgaon,Sugarcane,Local,4677.06,5615.71,5011.48
2025-11-06,Maharashtra,Ahmednagar,Sangli,Potato,Local,5662.82,6553.44,5771.29
2025-11-17,Maharashtra,Nashik,Jalgaon,Sugarcane,Local,3448.76,3986.15,3562.1
2025-11-05,Maharashtra,Nashik,Jalgaon,Soybean,Yellow,1431.08,2383.77,1695.56
2025-02-09,Maharashtra,Pune,Sangli,Rice,Basmati,1062.71,2104.37,1470.16
2025-08-10,Maharashtra,Ahmednagar,Ahmednagar,Soybean,Yellow,3116.34,4146.1,3428.88
2025-10-24,Maharashtra,Aurangabad,Ahmednagar,Onion,White,3649.5,4392.08,3763.93
2025-06-15,Maharashtra,Aurangabad,Nashik,Maize,Yellow,1477.89,1875.83,1711.78
2025-11-27,Maharashtra,Sangli,Ahmednagar,Maize,Yellow,950.7,1442.72,1108.55
2025-01-29,Maharashtra,Kolhapur,Sangli,Chickpea,Kabuli,100.0,1299.08,447.14
2025-07-08,Maharashtra,Solapur,Jalgaon,Potato,Local,959.93,1526.37,1247.63
2025-07-21,Maharashtra,Aurangabad,Nashik,Tomato,Local,1889.3,2475.97,1998.16
2025-10-23,Maharashtra,Satara,Nashik,Wheat,Lokwan,3312.23,4194.11,3808.57
2025-05-10,Maharashtra,Satara,Lasalgaon,Cotton,Medium Staple,1573.26,1981.77,1812.73
2025-02-17,Maharashtra,Pune,Solapur,Sugarcane,Local,100.0,544.95,300.0
2025-09-14,Maharashtra,Satara,Sangli,Maize,White,1523.28,2043.06,1713.73
2025-11-11,Maharashtra,Sangli,Nashik,Soybean,Yellow,1409.81,2570.88,2100.22
2025-03-29,Maharashtra,Satara,Sangli,Sugarcane,Local,1391.76,2873.53,2073.91
2025-09-15,Maharashtra,Solapur,Lasalgaon,Wheat,Sharbati,100.0,812.49,300.0
2025-02-28,Maharashtra,Nashik,Jalgaon,Soybean,Yellow,1566.3,2712.15,2090.62
2025-02-18,Maharashtra,Jalgaon,Lasalgaon,Rice,Non-Basmati,3728.51,4524.81,4084.04
2025-08-04,Maharashtra,Ahmednagar,Nashik,Rice,Non-Basmati,1263.3,2736.66,1940.61
2025-03-17,Maharashtra,Nashik,Sangli,Wheat,Sharbati,1336.0,2320.34,1690.24
2025-02-03,Maharashtra,Solapur,Sangli,Potato,Jyoti,1329.73,1745.92,1573.41
2025-09-05,Maharashtra,Kolhapur,Sangli,Tomato,Hybrid,2514.64,3165.87,2683.87
2025-11-14,Maharashtra,Solapur,Lasalgaon,Cotton,Long Staple,447.14,1433.8,672.02
2025-10-17,Maharashtra,Solapur,Kolhapur,Cotton,Medium Staple,696.48,1826.73,1139.81
2025-01-23,Maharashtra,Jalgaon,Pune,Tomato,Hybrid,3599.46,4670.76,3846.51
2025-01-19,Maharashtra,Satara,Pune,Soybean,Yellow,2812.73,3587.41,3305.28
2025-11-12,Maharashtra,Jalgaon,Sangli,Cotton,Medium Staple,1519.78,2730.83,1849.09
2025-04-06,Maharashtra,Pune,Sangli,Maize,White,2451.47,3411.65,3083.59
2025-09-08,Maharashtra,Kolhapur,Solapur,Soybean,Bold,961.31,1536.55,1396.4
2025-08-29,Maharashtra,Kolhapur,Nashik,Chickpea,Desi,907.9,1878.0,1381.46
2025-12-12,Maharashtra,Dhule,Lasalgaon,Onion,White,923.15,1545.36,1357.08
2025-11-01,Maharashtra,Aurangabad,Solapur,Chickpea,Kabuli,100.0,1261.31,616.27
2025-02-14,Maharashtra,Jalgaon,Sangli,Sugarcane,Local,2248.29,3206.78,2386.34
2025-03-17,Maharashtra,Dhule,Ahmednagar,Tomato,Hybrid,4747.79,5725.27,4888.2
2025-04-17,Maharashtra,Pune,Pune,Sugarcane,Local,100.0,885.63,300.0
2025-03-01,Maharashtra,Ahmednagar,Pune,Cotton,Medium Staple,3962.43,5051.42,4523.21
2025-05-12,Maharashtra,Pune,Solapur,Rice,Basmati,100.0,1195.19,300.0
2025-06-06,Maharashtra,Nashik,Pune,Onion,White,2787.52,3662.44,3098.9
2025-02-24,Maharashtra,Kolhapur,Pune,Maize,Yellow,100.0,1141.97,300.0
2025-07-05,Maharashtra,Dhule,Kolhapur,Potato,Jyoti,2872.77,3946.68,
2025-06-24,Maharashtra,Sangli,Ahmednagar,Soybean,Yellow,877.33,1856.12,1524.51
2025-01-31,Maharashtra,Aurangabad,Nashik,Maize,White,3084.69,3472.78,3361.78
2025-06-04,Maharashtra,Jalgaon,Sangli,Maize,White,1045.45,1985.64,1534.3
2025-09-02,Maharashtra,Solapur,Jalgaon,Sugarcane,Local,2519.66,3881.01,3091.92
2025-01-30,Maharashtra,Nashik,Solapur,Rice,Non-Basmati,2127.11,3009.19,2240.29
2025-02-18,Maharashtra,Solapur,Ahmednagar,Soybean,Yellow,3829.43,4532.69,3949.75
2025-06-19,Maharashtra,Sangli,Lasalgaon,Potato,Local,1967.04,2492.25,2266.93
2025-03-16,Maharashtra,Dhule,Lasalgaon,Sugarcane,Local,2230.52,2934.2,2748.13
2025-07-25,Maharashtra,Sangli,Ahmednagar,Chickpea,Kabuli,2310.14,3430.36,2566.61
2025-11-20,Maharashtra,Aurangabad,Sangli,Wheat,Lokwan,3446.72,3984.72,3547.61
2025-12-22,Maharashtra,Jalgaon,Lasalgaon,Potato,Jyoti,3343.82,4235.24,3616.71
2025-12-25,Maharashtra,Satara,Ahmednagar,Maize,White,2388.99,3367.76,2543.07
2025-06-10,Maharashtra,Dhule,Pune,Soybean,Bold,184.47,1212.03,416.12
2025-05-29,Maharashtra,Ahmednagar,Nashik,Maize,White,1025.01,1878.44,1324.92
2025-03-29,Maharashtra,Ahmednagar,Solapur,Onion,White,3259.91,3927.07,3436.75
2025-06-17,Maharashtra,Jalgaon,Solapur,Cotton,Long Staple,112.73,1324.76,636.55
2025-07-08,Maharashtra,Satara,Pune,Rice,Non-Basmati,1358.03,1991.3,1611.58
2025-04-24,Maharashtra,Solapur,Jalgaon,Sugarcane,Local,1266.1,2363.07,1762.75
2025-01-13,Maharashtra,Dhule,Sangli,Soybean,Bold,1754.83,2332.78,2214.25
2025-06-15,Maharashtra,Solapur,Nashik,Wheat,Lokwan,1404.08,2802.35,2042.9
2025-06-06,Maharashtra,Solapur,Lasalgaon,Wheat,Lokwan,2385.61,3436.79,2538.37
2025-06-30,Maharashtra,Kolhapur,Jalgaon,Chickpea,Desi,981.67,2074.2,1210.43
2025-11-16,Maharashtra,Kolhapur,Solapur,Chickpea,Kabuli,830.41,1837.43,1449.52
2025-10-19,Maharashtra,Dhule,Kolhapur,Sugarcane,Local,4031.21,5149.37,4624.49
2025-04-14,Maharashtra,Aurangabad,Solapur,Tomato,Hybrid,3960.49,4464.72,4175.75
2025-04-21,Maharashtra,Kolhapur,Kolhapur,Wheat,Sharbati,2944.19,3451.22,3108.83
2025-09-18,Maharashtra,Dhule,Sangli,Potato,Jyoti,2617.32,3696.94,3231.07
2025-05-28,Maharashtra,Dhule,Kolhapur,Chickpea,Desi,2599.92,3504.46,2806.8
2025-05-19,Maharashtra,Kolhapur,Nashik,Rice,Non-Basmati,1792.2,2529.18,2414.87
2025-11-24,Maharashtra,Nashik,Kolhapur,Chickpea,Desi,757.9,1849.59,1434.57
2025-06-18,Maharashtra,Solapur,Ahmednagar,Onion,Red,3984.25,4761.93,4216.73
2025-06-07,Maharashtra,Ahmednagar,Lasalgaon,Sugarcane,Local,4114.97,4991.35,4719.21
2025-02-25,Maharashtra,Jalgaon,Solapur,Maize,Yellow,1458.46,1975.54,1812.76
2025-03-14,Maharashtra,Aurangabad,Solapur,Onion,White,3219.9,4324.83,3793.17
2025-09-05,Maharashtra,Dhule,Lasalgaon,Rice,Basmati,1605.51,2560.2,1949.95
2025-06-29,Maharashtra,Jalgaon,Kolhapur,Wheat,Sharbati,1374.76,2129.79,1516.99
2025-04-01,Maharashtra,Sangli,Jalgaon,Soybean,Bold,1409.67,2322.55,1937.28
2025-07-13,Maharashtra,Sangli,Nashik,Wheat,Sharbati,1817.31,2297.62,2007.73
2025-07-14,Maharashtra,Aurangabad,Nashik,Wheat,Sharbati,2520.26,3452.78,3176.47
2025-10-12,Maharashtra,Sangli,Nashik,Soybean,Bold,1568.56,2051.63,1919.21
2025-09-05,Maharashtra,Pune,Solapur,Onion,White,3329.72,3726.67,3478.92
2025-08-17,Maharashtra,Kolhapur,Ahmednagar,Potato,Local,1339.28,2331.25,1576.36
2025-10-10,Maharashtra,Dhule,Pune,Onion,Red,1763.7,2483.65,2381.21
2025-11-20,Maharashtra,Sangli,Jalgaon,Maize,White,800.94,1228.7,1093.59
2025-06-12,Maharashtra,Dhule,Solapur,Onion,Red,274.12,1089.53,887.92
2025-04-01,Maharashtra,Satara,Sangli,Rice,Non-Basmati,2689.43,3328.99,2892.8
2025-07-30,Maharashtra,Solapur,Jalgaon,Onion,Red,2201.31,2949.23,2582.24
2025-09-23,Maharashtra,Kolhapur,Sangli,Cotton,Medium Staple,1272.84,2142.06,1899.79
2025-05-07,Maharashtra,Dhule,Kolhapur,Tomato,Hybrid,1210.81,1528.61,1339.85
2025-10-09,Maharashtra,Jalgaon,Kolhapur,Rice,Basmati,776.36,1910.01,1058.92
2025-03-12,Maharashtra,Sangli,Ahmednagar,Sugarcane,Local,2236.1,3711.01,2882.01
2025-04-01,Maharashtra,Jalgaon,Jalgaon,Soybean,Bold,1166.83,2342.26,1624.74
2025-04-04,Maharashtra,Dhule,Solapur,Sugarcane,Local,3884.57,4715.93,4414.31
2025-03-17,Maharashtra,Nashik,Solapur,Soybean,Yellow,2066.15,3030.38,2671.42
2025-04-14,Maharashtra,Dhule,Lasalgaon,Sugarcane,Local,2679.25,3726.09,3093.41
2025-07-16,Maharashtra,Dhule,Nashik,Cotton,Medium Staple,3545.8,4486.38,4153.02
2025-07-03,Maharashtra,Kolhapur,Ahmednagar,Chickpea,Kabuli,985.5,1993.26,1468.76
2025-03-18,Maharashtra,Nashik,Kolhapur,Tomato,Local,2490.01,3622.43,3001.4
2025-10-24,Maharashtra,Satara,Lasalgaon,Potato,Local,2873.56,3580.63,3065.27
2025-11-18,Maharashtra,Pune,Ahmednagar,Maize,Yellow,1179.17,2273.21,1842.58
2025-02-03,Maharashtra,Satara,Sangli,Wheat,Sharbati,100.0,999.62,621.3
2025-05-02,Maharashtra,Pune,Sangli,Soybean,Yellow,100.0,1022.2,300.0
2025-11-02,Maharashtra,Pune,Pune,Maize,Yellow,927.56,2066.76,1375.56
2025-12-12,Maharashtra,Kolhapur,Nashik,Soybean,Bold,3477.2,4460.07,3803.08
2025-07-22,Maharashtra,Aurangabad,Nashik,Soybean,Yellow,1028.63,1924.62,1524.87
2025-10-25,Maharashtra,Nashik,Ahmednagar,Soybean,Bold,2920.72,4337.56,3616.97
2025-05-09,Maharashtra,Sangli,Sangli,Soybean,Bold,1422.23,2415.84,1549.67
2025-10-17,Maharashtra,Nashik,Lasalgaon,Soybean,Yellow,1847.18,3169.88,2518.69
2025-08-01,Maharashtra,Jalgaon,Solapur,Wheat,Sharbati,2956.86,3526.61,3100.29
2025-05-18,Maharashtra,Sangli,Nashik,Sugarcane,Local,3325.34,4438.98,3701.79
2025-09-18,Maharashtra,Sangli,Solapur,Sugarcane,Local,1522.82,2499.53,1912.09
2025-12-12,Maharashtra,Solapur,Sangli,Chickpea,Desi,1434.63,2498.01,1695.87
2025-06-21,Maharashtra,Ahmednagar,Pune,Soybean,Yellow,100.0,970.55,300.0
2025-05-27,Maharashtra,Dhule,Sangli,Rice,Basmati,1349.49,2665.81,1949.87
2025-05-29,Maharashtra,Kolhapur,Solapur,Maize,Yellow,6174.23,7084.55,6450.6
2025-01-29,Maharashtra,Jalgaon,Sangli,Wheat,Lokwan,2061.75,2377.61,2204.0
2025-04-12,Maharashtra,Satara,Nashik,Soybean,Bold,280.52,1247.99,759.89
2025-10-23,Maharashtra,Nashik,Ahmednagar,Soybean,Bold,1733.03,2429.27,2284.08
2025-09-11,Maharashtra,Sangli,Ahmednagar,Onion,White,2681.38,3812.13,3354.09
2025-10-01,Maharashtra,Sangli,Solapur,Rice,Basmati,1551.29,2420.15,1747.01
2025-02-18,Maharashtra,Kolhapur,Solapur,Cotton,Long Staple,520.24,1598.06,1161.05
2025-07-08,Maharashtra,Aurangabad,Kolhapur,Maize,Yellow,5125.82,5616.4,5515.09
2025-03-06,Maharashtra,Nashik,Kolhapur,Potato,Local,2704.9,3341.78,2946.36
2025-06-13,Maharashtra,Nashik,Pune,Onion,White,3660.31,4492.17,4337.96
2025-08-12,Maharashtra,Satara,Jalgaon,Sugarcane,Local,1776.58,2744.11,2019.64
2025-11-22,Maharashtra,Satara,Nashik,Maize,White,4088.01,5355.08,4628.08
2025-01-07,Maharashtra,Jalgaon,Lasalgaon,Rice,Non-Basmati,3017.98,4334.02,3588.91
2025-03-02,Maharashtra,Ahmednagar,Jalgaon,Onion,Red,2755.1,3237.67,3113.41
2025-07-11,Maharashtra,Sangli,Pune,Tomato,Hybrid,511.52,1151.32,1025.51
2025-12-26,Maharashtra,Sangli,Nashik,Wheat,Sharbati,1173.66,2439.9,1617.14
2025-03-29,Maharashtra,Nashik,Ahmednagar,Chickpea,Kabuli,2824.85,3239.01,3040.07
2025-06-07,Maharashtra,Satara,Lasalgaon,Wheat,Lokwan,1527.33,2719.33,2083.26
2025-09-30,Maharashtra,Solapur,Kolhapur,Onion,White,2290.24,3683.41,2947.05
2025-11-28,Maharashtra,Satara,Jalgaon,Sugarcane,Local,1534.68,2386.15,1927.86
2025-10-09,Maharashtra,Dhule,Ahmednagar,Chickpea,Desi,2309.21,3542.97,3005.8
2025-05-25,Maharashtra,Dhule,Solapur,Maize,Yellow,1356.92,1995.6,1713.7
2025-06-12,Maharashtra,Ahmednagar,Ahmednagar,Onion,Red,2652.47,3879.19,3040.31
2025-06-23,Maharashtra,Jalgaon,Jalgaon,Sugarcane,Local,785.45,1631.23,1289.79
2025-04-18,Maharashtra,Solapur,Pune,Wheat,Lokwan,1877.18,2362.89,2088.64
2025-10-28,Maharashtra,Nashik,Solapur,Chickpea,Desi,1600.83,2762.32,2241.99
2025-11-27,Maharashtra,Jalgaon,Solapur,Tomato,Local,837.05,1670.23,1417.81
2025-05-24,Maharashtra,Sangli,Kolhapur,Tomato,Local,1106.46,2379.27,1729.92
2025-02-27,Maharashtra,Dhule,Kolhapur,Cotton,Long Staple,2370.33,3348.16,2836.07
2025-10-25,Maharashtra,Kolhapur,Jalgaon,Cotton,Medium Staple,2719.16,3567.66,3349.41
2025-12-16,Maharashtra,Sangli,Solapur,Maize,White,2292.88,2954.66,2800.86
2025-07-07,Maharashtra,Dhule,Nashik,Maize,White,2701.18,3317.67,3108.11
2025-01-20,Maharashtra,Nashik,Lasalgaon,Sugarcane,Local,1943.89,2812.27,2602.97
2025-07-31,Maharashtra,Solapur,Nashik,Maize,White,1302.29,2016.41,1666.12
2025-01-24,Maharashtra,Sangli,Solapur,Wheat,Lokwan,100.0,1194.39,427.77
2025-04-01,Maharashtra,Solapur,Jalgaon,Tomato,Local,1662.82,2010.38,1864.54
2025-08-04,Maharashtra,Satara,Pune,Sugarcane,Local,1685.46,2556.53,2354.05
2025-02-21,Maharashtra,Jalgaon,Kolhapur,Chickpea,Kabuli,1514.01,2088.96,1746.65
2025-05-18,Maharashtra,Nashik,Ahmednagar,Soybean,Yellow,4142.58,4906.1,4363.43
2025-06-02,Maharashtra,Aurangabad,Kolhapur,Maize,White,2670.96,3541.98,2831.68
2025-08-08,Maharashtra,Pune,Jalgaon,Onion,White,2018.16,3227.13,2390.18
2025-12-28,Maharashtra,Nashik,Solapur,Potato,Local,2892.32,3586.16,3156.48
2025-06-22,Maharashtra,Kolhapur,Lasalgaon,Wheat,Sharbati,4382.48,5111.62,4926.95
2025-01-01,Maharashtra,Pune,Nashik,Maize,Yellow,1877.63,2432.96,2162.15
2025-01-25,Maharashtra,Jalgaon,Lasalgaon,Soybean,Bold,810.45,1672.71,1342.91
2025-07-23,Maharashtra,Dhule,Nashik,Wheat,Lokwan,2668.64,3615.09,2886.22
2025-12-25,Maharashtra,Aurangabad,Ahmednagar,Tomato,Hybrid,882.87,1770.17,1120.85
2025-07-20,Maharashtra,Nashik,Jalgaon,Tomato,Hybrid,772.27,1623.17,1355.97
2025-07-10,Maharashtra,Ahmednagar,Lasalgaon,Sugarcane,Local,3886.15,4979.8,4208.81
2025-12-27,Maharashtra,Satara,Lasalgaon,Tomato,Hybrid,3887.91,4842.29,4054.97
2025-10-31,Maharashtra,Ahmednagar,Nashik,Maize,White,2603.45,4086.24,3280.29
2025-08-20,Maharashtra,Jalgaon,Jalgaon,Chickpea,Desi,2761.41,3287.85,2967.85
2025-08-08,Maharashtra,Aurangabad,Nashik,Rice,Basmati,844.67,1241.77,1034.79
2025-03-07,Maharashtra,Aurangabad,Nashik,Rice,Non-Basmati,1214.59,1712.79,1529.62
2025-01-24,Maharashtra,Pune,Sangli,Cotton,Long Staple,3930.25,4507.7,4087.63
2025-03-23,Maharashtra,Satara,Kolhapur,Wheat,Sharbati,1698.32,2335.15,1891.69
2025-04-01,Maharashtra,Pune,Ahmednagar,Chickpea,Desi,932.23,2334.66,1540.09
2025-06-21,Maharashtra,Ahmednagar,Kolhapur,Soybean,Bold,2069.17,2586.28,2272.07
2025-02-04,Maharashtra,Aurangabad,Lasalgaon,Maize,Yellow,3025.59,3793.96,3192.45
2025-02-03,Maharashtra,Jalgaon,Sangli,Rice,Non-Basmati,1623.02,2981.57,2251.0
2025-09-19,Maharashtra,Jalgaon,Sangli,Soybean,Bold,1920.14,2601.74,2286.42
2025-06-26,Maharashtra,Pune,Solapur,Tomato,Local,105.7,613.71,300.0
2025-05-24,Maharashtra,Dhule,Kolhapur,Tomato,Hybrid,1966.11,3050.35,2415.02
2025-08-03,Maharashtra,Ahmednagar,Jalgaon,Rice,Basmati,3572.0,4377.81,3696.9
2025-05-21,Maharashtra,Pune,Sangli,Rice,Basmati,2061.25,3285.49,2417.68
2025-09-25,Maharashtra,Aurangabad,Sangli,Soybean,Yellow,4529.74,5763.88,4983.92
2025-05-19,Maharashtra,Dhule,Kolhapur,Onion,Red,958.95,2390.86,
2025-02-16,Maharashtra,Ahmednagar,Nashik,Wheat,Lokwan,1616.7,2566.43,1912.58
2025-03-01,Maharashtra,Dhule,Nashik,Wheat,Lokwan,1136.34,1890.16,
2025-02-18,Maharashtra,Satara,Pune,Soybean,Yellow,1482.22,2409.23,1661.84
2025-02-21,Maharashtra,Nashik,Ahmednagar,Onion,Red,2784.16,3992.57,3144.31
2025-03-02,Maharashtra,Pune,Jalgaon,Tomato,Hybrid,1936.23,2582.69,2170.11
2025-08-02,Maharashtra,Pune,Lasalgaon,Onion,Red,4437.73,5184.14,4833.21
2025-04-05,Maharashtra,Kolhapur,Ahmednagar,Onion,Red,2446.28,3314.6,2796.61
2025-04-30,Maharashtra,Satara,Sangli,Onion,White,765.75,2318.79,1453.63
2025-08-07,Maharashtra,Pune,Kolhapur,Wheat,Sharbati,658.37,1449.53,1308.86
2025-02-09,Maharashtra,Nashik,Sangli,Onion,White,4050.71,5167.13,4500.03
2025-12-12,Maharashtra,Sangli,Lasalgaon,Soybean,Bold,2558.96,3516.6,2764.86
2025-11-23,Maharashtra,Pune,Ahmednagar,Chickpea,Desi,3632.11,4797.29,4066.29
2025-11-13,Maharashtra,Aurangabad,Nashik,Maize,White,2008.16,3136.83,2583.41
2025-08-20,Maharashtra,Aurangabad,Nashik,Cotton,Long Staple,2396.24,3355.5,2519.05
2025-07-30,Maharashtra,Satara,Lasalgaon,Cotton,Medium Staple,3747.32,4315.35,4107.74
2025-02-07,Maharashtra,Pune,Jalgaon,Cotton,Medium Staple,2821.76,3243.47,2947.35
2025-11-13,Maharashtra,Jalgaon,Lasalgaon,Chickpea,Kabuli,2687.77,3279.71,2934.14
2025-07-30,Maharashtra,Sangli,Nashik,Chickpea,Kabuli,1858.4,2120.61,2013.67
2025-03-24,Maharashtra,Kolhapur,Jalgaon,Rice,Basmati,2869.36,3942.24,3545.7
2025-12-22,Maharashtra,Solapur,Lasalgaon,Maize,White,2209.59,2639.41,2410.88
2025-04-28,Maharashtra,Pune,Jalgaon,Soybean,Yellow,1643.85,2513.62,1833.92
2025-10-30,Maharashtra,Ahmednagar,Ahmednagar,Rice,Non-Basmati,4399.75,5514.95,5082.98
2025-01-27,Maharashtra,Sangli,Nashik,Onion,Red,1730.89,2804.04,2140.47
2025-07-28,Maharashtra,Nashik,Kolhapur,Maize,Yellow,996.77,1886.49,1551.56
2025-05-05,Maharashtra,Solapur,Lasalgaon,Sugarcane,Local,3568.53,4070.45,3864.91
2025-10-03,Maharashtra,Solapur,Nashik,Sugarcane,Local,2894.75,3520.06,3314.47
2025-10-25,Maharashtra,Pune,Pune,Maize,White,1600.43,1967.15,1704.54
2025-10-24,Maharashtra,Jalgaon,Nashik,Sugarcane,Local,2060.09,2597.55,2405.38
2025-03-13,Maharashtra,Satara,Nashik,Rice,Non-Basmati,2869.66,3579.15,3302.71
2025-02-27,Maharashtra,Jalgaon,Sangli,Chickpea,Kabuli,2344.92,3316.79,2753.56
2025-10-23,Maharashtra,Satara,Ahmednagar,Maize,Yellow,3099.7,3748.26,3443.19
2025-04-29,Maharashtra,Pune,Jalgaon,Sugarcane,Local,1919.35,2866.46,2492.1
2025-03-03,Maharashtra,Nashik,Nashik,Soybean,Bold,3080.71,3623.88,3481.7
2025-03-28,Maharashtra,Solapur,Kolhapur,Sugarcane,Local,1647.62,2943.06,2129.29
2025-11-22,Maharashtra,Nashik,Lasalgaon,Onion,Red,1514.1,1935.4,1724.87
2025-04-09,Maharashtra,Dhule,Solapur,Rice,Basmati,3146.71,4142.54,3763.61
2025-05-04,Maharashtra,Nashik,Lasalgaon,Tomato,Local,2531.6,3252.88,2849.3
2025-01-07,Maharashtra,Sangli,Sangli,Wheat,Sharbati,2935.09,4042.06,3324.35
2025-05-14,Maharashtra,Jalgaon,Lasalgaon,Rice,Basmati,3657.88,4456.03,3969.2
2025-10-10,Maharashtra,Nashik,Pune,Potato,Jyoti,1177.77,2219.28,1812.92
2025-01-02,Maharashtra,Solapur,Solapur,Potato,Local,2498.41,3795.55,3138.85
2025-11-13,Maharashtra,Dhule,Solapur,Wheat,Lokwan,5049.42,5861.6,5283.99
2025-06-09,Maharashtra,Dhule,Jalgaon,Chickpea,Kabuli,1756.21,2470.35,2307.84
2025-06-06,Maharashtra,Nashik,Ahmednagar,Cotton,Medium Staple,890.6,1402.49,1052.33
2025-08-14,Maharashtra,Dhule,Sangli,Sugarcane,Local,3368.54,4369.34,3486.45
2025-11-17,Maharashtra,Ahmednagar,Ahmednagar,Soybean,Yellow,100.0,988.93,502.26
2025-05-23,Maharashtra,Kolhapur,Solapur,Chickpea,Kabuli,1004.12,1622.18,1182.83
2025-09-23,Maharashtra,Aurangabad,Nashik,Potato,Local,2314.59,2727.4,2507.46
2025-09-23,Maharashtra,Nashik,Sangli,Maize,Yellow,2001.54,3236.75,2465.5
2025-02-06,Maharashtra,Sangli,Ahmednagar,Wheat,Lokwan,2135.8,2932.51,2725.86
2025-10-15,Maharashtra,Solapur,Pune,Chickpea,Kabuli,4934.5,5332.33,5148.26
2025-10-19,Maharashtra,Solapur,Solapur,Cotton,Long Staple,2433.02,3052.74,2601.54
2025-11-16,Maharashtra,Sangli,Solapur,Maize,Yellow,1660.77,2256.48,1807.16
2025-03-14,Maharashtra,Ahmednagar,Sangli,Onion,White,1615.72,2615.81,1730.63
2025-01-16,Maharashtra,Kolhapur,Solapur,Rice,Non-Basmati,1782.79,2154.71,1952.68
2025-12-27,Maharashtra,Pune,Jalgaon,Wheat,Sharbati,377.94,1530.62,1043.56
2025-03-24,Maharashtra,Nashik,Kolhapur,Potato,Jyoti,3014.9,3433.06,3172.07
2025-06-23,Maharashtra,Satara,Solapur,Soybean,Yellow,2403.51,3523.45,2862.04
2025-03-17,Maharashtra,Nashik,Kolhapur,Onion,White,2407.54,3473.47,3060.12
2025-10-18,Maharashtra,Kolhapur,Pune,Onion,White,2984.13,4079.59,3460.82
2025-02-20,Maharashtra,Dhule,Kolhapur,Chickpea,Desi,3123.48,3613.85,3243.13
2025-12-29,Maharashtra,Pune,Pune,Wheat,Lokwan,384.38,1393.87,842.23
2025-07-05,Maharashtra,Solapur,Sangli,Rice,Non-Basmati,1520.69,2637.84,2162.53
2025-01-05,Maharashtra,Kolhapur,Solapur,Wheat,Lokwan,1918.41,2611.44,2211.95
2025-09-19,Maharashtra,Satara,Ahmednagar,Maize,White,3864.53,4682.73,4152.71
2025-06-28,Maharashtra,Pune,Kolhapur,Cotton,Medium Staple,4008.81,4665.17,4258.13
2025-05-22,Maharashtra,Solapur,Jalgaon,Onion,Red,1585.45,2733.59,1988.78
2025-09-25,Maharashtra,Ahmednagar,Lasalgaon,Onion,White,1067.7,1806.65,1310.46
2025-04-24,Maharashtra,Jalgaon,Kolhapur,Potato,Jyoti,2155.96,3512.74,2690.23
2025-06-29,Maharashtra,Satara,Sangli,Onion,White,1630.63,2395.79,2117.55
2025-03-09,Maharashtra,Pune,Ahmednagar,Rice,Basmati,2059.26,2589.43,2399.73
2025-04-17,Maharashtra,Pune,Pune,Soybean,Bold,3425.19,4363.5,3958.72
2025-02-28,Maharashtra,Ahmednagar,Lasalgaon,Wheat,Lokwan,2663.55,3069.58,2822.65
2025-10-01,Maharashtra,Sangli,Ahmednagar,Soybean,Yellow,1374.46,2338.67,1924.18
2025-01-31,Maharashtra,Satara,Kolhapur,Potato,Local,1247.65,1975.33,1709.4
2025-02-04,Maharashtra,Sangli,Kolhapur,Chickpea,Kabuli,298.71,1571.34,776.76
2025-09-17,Maharashtra,Nashik,Ahmednagar,Maize,Yellow,3036.09,3729.21,3174.89
2025-01-09,Maharashtra,Nashik,Solapur,Onion,White,2367.74,3336.69,2838.62
2025-04-19,Maharashtra,Kolhapur,Jalgaon,Tomato,Hybrid,2779.73,3906.4,3176.2
2025-05-23,Maharashtra,Aurangabad,Sangli,Potato,Local,2088.34,2684.15,2479.86
2025-02-11,Maharashtra,Kolhapur,Sangli,Maize,Yellow,939.42,2018.14,1232.53
2025-07-06,Maharashtra,Aurangabad,Pune,Wheat,Lokwan,2462.26,3053.47,2566.83
2025-03-26,Maharashtra,Satara,Nashik,Sugarcane,Local,3513.81,4076.53,
2025-12-18,Maharashtra,Jalgaon,Kolhapur,Cotton,Medium Staple,2229.35,3325.42,2569.89
2025-07-20,Maharashtra,Pune,Nashik,Sugarcane,Local,4117.54,4939.85,4471.22
2025-10-15,Maharashtra,Nashik,Nashik,Onion,White,2335.5,3386.38,2802.7
2025-12-02,Maharashtra,Satara,Sangli,Soybean,Yellow,4581.29,5676.12,4861.23
2025-10-28,Maharashtra,Satara,Jalgaon,Onion,White,4697.17,5771.35,4958.8
2025-09-18,Maharashtra,Jalgaon,Jalgaon,Maize,White,1024.22,2237.15,1422.89
2025-06-08,Maharashtra,Aurangabad,Pune,Soybean,Bold,1268.56,2157.49,1723.95
2025-06-02,Maharashtra,Nashik,Pune,Cotton,Medium Staple,1511.14,2651.22,1951.54
2025-07-03,Maharashtra,Nashik,Nashik,Potato,Jyoti,100.0,737.08,450.46
2025-09-14,Maharashtra,Aurangabad,Lasalgaon,Maize,Yellow,2495.27,3821.7,3056.76
2025-11-13,Maharashtra,Satara,Nashik,Maize,Yellow,2892.61,3397.3,3023.92
2025-03-08,Maharashtra,Sangli,Sangli,Potato,Jyoti,2292.45,3201.66,2730.53
2025-08-01,Maharashtra,Satara,Lasalgaon,Tomato,Hybrid,681.1,1844.9,1031.79
2025-08-08,Maharashtra,Satara,Pune,Onion,Red,4089.56,5150.78,4406.19
2025-11-19,Maharashtra,Solapur,Solapur,Potato,Local,100.0,1162.01,300.0
2025-12-18,Maharashtra,Aurangabad,Ahmednagar,Chickpea,Desi,538.35,1303.21,912.43
2025-08-12,Maharashtra,Dhule,Lasalgaon,Maize,Yellow,3031.75,3784.28,3563.41
2025-04-04,Maharashtra,Sangli,Jalgaon,Tomato,Local,2198.85,3707.43,2879.1
2025-02-28,Maharashtra,Satara,Pune,Rice,Non-Basmati,1572.47,2257.6,1763.07
2025-06-27,Maharashtra,Pune,Kolhapur,Sugarcane,Local,2433.21,3377.5,2565.98
2025-10-17,Maharashtra,Nashik,Lasalgaon,Soybean,Yellow,2366.84,3340.67,2655.01
2025-04-22,Maharashtra,Dhule,Nashik,Onion,Red,3786.46,4712.97,3913.13
2025-11-20,Maharashtra,Satara,Lasalgaon,Maize,White,870.39,1664.23,1040.45
2025-07-01,Maharashtra,Jalgaon,Lasalgaon,Soybean,Bold,2155.25,3600.17,2850.27
2025-08-12,Maharashtra,Sangli,Kolhapur,Sugarcane,Local,3118.42,3990.79,3794.52
2025-06-09,Maharashtra,Dhule,Lasalgaon,Cotton,Long Staple,787.56,2176.97,1302.33
2025-12-29,Maharashtra,Kolhapur,Sangli,Maize,Yellow,1886.34,2682.91,2438.13
2025-12-03,Maharashtra,Aurangabad,Ahmednagar,Maize,White,2244.95,2548.85,2429.25
2025-09-21,Maharashtra,Nashik,Kolhapur,Soybean,Bold,106.57,1088.36,563.71
2025-06-12,Maharashtra,Kolhapur,Sangli,Maize,White,2657.96,3520.13,2850.6
2025-10-07,Maharashtra,Solapur,Ahmednagar,Maize,Yellow,2595.22,3595.38,2922.25
2025-01-03,Maharashtra,Satara,Kolhapur,Potato,Jyoti,3988.32,4666.91,4295.52
2025-03-22,Maharashtra,Jalgaon,Nashik,Chickpea,Desi,2006.04,3177.48,2474.41
2025-10-19,Maharashtra,Jalgaon,Solapur,Wheat,Lokwan,2877.49,3799.36,3025.31
2025-06-28,Maharashtra,Jalgaon,Sangli,Cotton,Medium Staple,4104.57,4854.65,4266.64
2025-12-26,Maharashtra,Sangli,Solapur,Wheat,Lokwan,1263.91,2138.66,1729.87
2025-12-03,Maharashtra,Solapur,Sangli,Onion,Red,601.28,1673.81,1082.95
2025-11-11,Maharashtra,Satara,Pune,Chickpea,Kabuli,2342.56,3436.27,2646.49
2025-04-04,Maharashtra,Aurangabad,Pune,Maize,Yellow,2075.2,3083.7,2263.32
2025-08-05,Maharashtra,Sangli,Lasalgaon,Onion,Red,1759.38,2516.25,2391.03
2025-01-22,Maharashtra,Aurangabad,Solapur,Cotton,Long Staple,1860.63,2190.32,1992.4
2025-05-06,Maharashtra,Sangli,Lasalgaon,Rice,Non-Basmati,961.76,1595.8,1492.19
2025-09-25,Maharashtra,Dhule,Ahmednagar,Rice,Basmati,3437.08,4115.06,3621.1
2025-05-23,Maharashtra,Aurangabad,Lasalgaon,Soybean,Bold,1993.09,2924.62,2475.51
2025-09-25,Maharashtra,Sangli,Sangli,Rice,Non-Basmati,4696.37,5731.21,5194.57
2025-12-08,Maharashtra,Nashik,Sangli,Maize,Yellow,669.46,1898.94,1252.02
2025-04-13,Maharashtra,Sangli,Lasalgaon,Wheat,Lokwan,4570.61,5300.25,4907.62
2025-02-25,Maharashtra,Sangli,Ahmednagar,Tomato,Local,2737.93,3117.87,2851.0
2025-08-15,Maharashtra,Sangli,Sangli,Potato,Jyoti,1935.62,2938.11,2522.25
2025-04-16,Maharashtra,Ahmednagar,Ahmednagar,Wheat,Lokwan,812.76,1286.41,1179.2
2025-05-24,Maharashtra,Jalgaon,Pune,Wheat,Sharbati,1096.66,2468.47,1704.92
2025-02-02,Maharashtra,Sangli,Pune,Tomato,Local,3444.77,4417.34,4010.36
2025-04-27,Maharashtra,Pune,Solapur,Maize,Yellow,100.0,898.23,300.0
2025-06-20,Maharashtra,Sangli,Pune,Potato,Local,100.0,705.52,345.74
2025-11-01,Maharashtra,Jalgaon,Ahmednagar,Cotton,Medium Staple,188.5,1157.59,565.74
2025-11-30,Maharashtra,Dhule,Lasalgaon,Onion,White,3387.34,4437.59,3905.25
2025-01-18,Maharashtra,Satara,Nashik,Soybean,Bold,2815.0,3583.73,3316.88
2025-08-24,Maharashtra,Jalgaon,Sangli,Rice,Basmati,873.53,1884.63,1284.37
2025-06-17,Maharashtra,Kolhapur,Lasalgaon,Sugarcane,Local,1482.85,2121.76,1934.06
2025-12-29,Maharashtra,Pune,Sangli,Sugarcane,Local,2076.63,3140.67,2655.8
2025-12-12,Maharashtra,Nashik,Solapur,Wheat,Sharbati,3280.64,4399.51,3723.61
2025-12-01,Maharashtra,Ahmednagar,Lasalgaon,Potato,Jyoti,914.22,1823.56,1284.31
2025-12-22,Maharashtra,Solapur,Lasalgaon,Tomato,Hybrid,2162.59,3356.86,2659.84
2025-06-04,Maharashtra,Jalgaon,Kolhapur,Wheat,Sharbati,1965.54,2405.38,2086.85
2025-08-28,Maharashtra,Sangli,Lasalgaon,Sugarcane,Local,2210.9,2515.47,2376.42
2025-04-28,Maharashtra,Pune,Solapur,Maize,Yellow,1248.96,1568.99,1424.21
2025-03-22,Maharashtra,Aurangabad,Lasalgaon,Chickpea,Desi,2396.33,3066.77,2751.79
2025-11-06,Maharashtra,Sangli,Sangli,Rice,Non-Basmati,938.0,1987.2,1561.06
2025-12-10,Maharashtra,Pune,Nashik,Chickpea,Kabuli,2128.6,3144.58,2614.58
2025-06-17,Maharashtra,Jalgaon,Lasalgaon,Potato,Jyoti,3691.43,5081.13,4375.0
2025-06-22,Maharashtra,Satara,Solapur,Rice,Basmati,3628.5,4524.15,3752.47
2025-12-21,Maharashtra,Sangli,Solapur,Rice,Basmati,3634.57,4822.72,4167.77
2025-11-20,Maharashtra,Pune,Lasalgaon,Tomato,Local,2591.18,3350.27,2879.71
2025-08-06,Maharashtra,Kolhapur,Solapur,Maize,Yellow,3745.43,4170.99,3859.4
2025-08-16,Maharashtra,Kolhapur,Jalgaon,Chickpea,Kabuli,100.0,779.58,337.33
2025-07-10,Maharashtra,Pune,Pune,Wheat,Sharbati,268.88,785.21,466.49
2025-08-14,Maharashtra,Aurangabad,Ahmednagar,Potato,Jyoti,1065.54,1893.56,1293.99
2025-06-17,Maharashtra,Satara,Solapur,Sugarcane,Local,1072.51,2131.36,1376.79
2025-10-24,Maharashtra,Aurangabad,Kolhapur,Wheat,Sharbati,3184.48,4272.05,3757.5
2025-07-08,Maharashtra,Aurangabad,Jalgaon,Soybean,Yellow,214.77,826.2,689.53
2025-07-12,Maharashtra,Ahmednagar,Jalgaon,Rice,Non-Basmati,612.99,1723.71,871.91
2025-01-01,Maharashtra,Dhule,Nashik,Tomato,Hybrid,2152.63,2689.15,2353.72
2025-01-09,Maharashtra,Sangli,Pune,Onion,White,2498.66,3496.0,2664.39
2025-03-16,Maharashtra,Dhule,Sangli,Potato,Local,3360.17,4300.51,3550.06
2025-12-02,Maharashtra,Kolhapur,Pune,Maize,White,1558.24,2609.63,2179.13
2025-12-15,Maharashtra,Dhule,Nashik,Rice,Basmati,1627.13,2426.11,2280.74
2025-05-23,Maharashtra,Nashik,Ahmednagar,Potato,Local,2883.86,4422.8,3564.64
2025-11-11,Maharashtra,Satara,Pune,Cotton,Long Staple,819.29,2047.37,1420.13
2025-07-13,Maharashtra,Ahmednagar,Lasalgaon,Potato,Jyoti,2014.77,2946.93,2647.2
2025-01-10,Maharashtra,Sangli,Solapur,Onion,Red,2594.29,3710.78,3183.95
2025-05-19,Maharashtra,Pune,Lasalgaon,Wheat,Sharbati,1380.7,2663.83,2055.53
2025-01-30,Maharashtra,Solapur,Jalgaon,Potato,Local,2925.42,3814.14,3532.81
2025-10-06,Maharashtra,Satara,Lasalgaon,Sugarcane,Local,1094.69,1646.72,1471.89
2025-10-05,Maharashtra,Nashik,Jalgaon,Soybean,Yellow,4080.87,4688.8,4374.83
2025-02-11,Maharashtra,Pune,Lasalgaon,Sugarcane,Local,1671.79,2260.4,2122.32
2025-08-16,Maharashtra,Pune,Jalgaon,Wheat,Lokwan,1508.27,2129.17,1973.18
2025-10-12,Maharashtra,Jalgaon,Pune,Chickpea,Kabuli,302.03,972.25,746.98
2025-07-20,Maharashtra,Sangli,Sangli,Cotton,Medium Staple,631.85,1382.61,1155.89
2025-11-17,Maharashtra,Sangli,Jalgaon,Maize,Yellow,1006.69,1824.44,1526.08
2025-07-29,Maharashtra,Satara,Ahmednagar,Chickpea,Desi,994.13,1996.39,1146.45
2025-06-27,Maharashtra,Aurangabad,Solapur,Onion,White,809.66,1641.63,1080.97
2025-03-27,Maharashtra,Ahmednagar,Pune,Cotton,Medium Staple,1918.72,2990.64,2552.64
2025-02-17,Maharashtra,Jalgaon,Ahmednagar,Tomato,Local,2767.35,3772.41,3221.37
2025-10-20,Maharashtra,Ahmednagar,Kolhapur,Tomato,Hybrid,2538.37,2940.06,2835.49
2025-07-25,Maharashtra,Solapur,Lasalgaon,Maize,White,100.0,1115.8,300.0
2025-12-08,Maharashtra,Jalgaon,Nashik,Onion,Red,1000.79,1776.06,1250.21
2025-12-13,Maharashtra,Aurangabad,Nashik,Cotton,Long Staple,3518.99,4325.83,3864.51
2025-11-22,Maharashtra,Dhule,Jalgaon,Maize,White,621.83,1740.87,887.59
2025-11-07,Maharashtra,Satara,Lasalgaon,Sugarcane,Local,1731.93,3039.07,2354.74
2025-11-02,Maharashtra,Dhule,Jalgaon,Sugarcane,Local,647.63,1554.54,1184.61
2025-11-06,Maharashtra,Nashik,Sangli,Cotton,Long Staple,3690.35,4915.41,4066.49
2025-07-10,Maharashtra,Solapur,Ahmednagar,Potato,Jyoti,887.15,2328.13,1546.53
2025-12-27,Maharashtra,Aurangabad,Solapur,Chickpea,Kabuli,2668.86,4188.95,3325.33
2025-01-16,Maharashtra,Solapur,Jalgaon,Tomato,Local,1103.8,1807.7,1630.72
2025-05-08,Maharashtra,Pune,Ahmednagar,Potato,Local,100.0,1164.23,300.0
2025-10-30,Maharashtra,Pune,Pune,Maize,White,2533.53,3599.47,3065.16
2025-07-04,Maharashtra,Aurangabad,Sangli,Chickpea,Desi,100.0,937.77,300.0
2025-05-10,Maharashtra,Jalgaon,Nashik,Potato,Local,1051.62,1673.88,1404.09
2025-06-14,Maharashtra,Satara,Lasalgaon,Rice,Non-Basmati,4474.98,4951.38,4739.06
2025-04-03,Maharashtra,Kolhapur,Pune,Cotton,Medium Staple,6119.53,6419.19,6255.68
2025-10-06,Maharashtra,Solapur,Sangli,Onion,White,1943.62,2961.99,2524.14
2025-08-01,Maharashtra,Ahmednagar,Ahmednagar,Sugarcane,Local,1256.99,1707.36,1430.28
2025-05-21,Maharashtra,Ahmednagar,Sangli,Rice,Basmati,2184.89,2696.4,2531.1
2025-04-25,Maharashtra,Sangli,Sangli,Maize,White,682.36,1787.19,923.14
2025-11-17,Maharashtra,Satara,Ahmednagar,Chickpea,Desi,1620.58,2680.07,1993.35
2025-10-31,Maharashtra,Pune,Pune,Cotton,Long Staple,4133.88,4937.15,4422.87
2025-01-07,Maharashtra,Kolhapur,Jalgaon,Chickpea,Kabuli,2153.54,3446.04,2751.36
2025-02-25,Maharashtra,Kolhapur,Solapur,Chickpea,Kabuli,106.21,1382.28,793.12
2025-07-11,Maharashtra,Nashik,Kolhapur,Onion,Red,2322.79,3230.15,2987.72
2025-01-22,Maharashtra,Kolhapur,Kolhapur,Wheat,Lokwan,100.0,1052.78,446.03
2025-11-15,Maharashtra,Solapur,Ahmednagar,Onion,White,100.0,944.81,300.0
2025-03-21,Maharashtra,Solapur,Pune,Potato,Jyoti,3078.47,3708.88,3418.91
2025-10-11,Maharashtra,Ahmednagar,Ahmednagar,Wheat,Lokwan,1170.02,1939.62,1583.51
2025-04-13,Maharashtra,Jalgaon,Lasalgaon,Rice,Basmati,4134.08,4794.83,4388.19
2025-08-05,Maharashtra,Ahmednagar,Pune,Chickpea,Desi,595.96,1816.79,1234.75
2025-05-22,Maharashtra,Solapur,Sangli,Cotton,Medium Staple,3765.2,4174.47,3973.02
2025-03-26,Maharashtra,Ahmednagar,Kolhapur,Tomato,Hybrid,4003.59,5164.67,4469.89
2025-03-18,Maharashtra,Dhule,Kolhapur,Maize,White,2107.06,3063.56,2686.74
2025-09-15,Maharashtra,Dhule,Solapur,Onion,White,1679.64,2790.3,2136.88
2025-11-03,Maharashtra,Aurangabad,Solapur,Wheat,Lokwan,1632.19,2625.77,1779.46
2025-08-16,Maharashtra,Dhule,Lasalgaon,Wheat,Lokwan,1387.68,2650.45,1854.55
2025-03-19,Maharashtra,Sangli,Lasalgaon,Wheat,Sharbati,100.0,1267.75,577.68
2025-06-11,Maharashtra,Kolhapur,Nashik,Potato,Jyoti,3056.16,3523.52,3268.86
2025-03-23,Maharashtra,Ahmednagar,Nashik,Onion,Red,2684.58,3912.41,3226.75
2025-08-04,Maharashtra,Dhule,Nashik,Soybean,Yellow,1597.52,2833.3,2224.67
2025-02-20,Maharashtra,Aurangabad,Pune,Chickpea,Desi,1844.07,3253.98,2535.94
2025-06-13,Maharashtra,Pune,Solapur,Chickpea,Kabuli,1609.23,2750.32,1955.27
2025-09-08,Maharashtra,Dhule,Lasalgaon,Rice,Basmati,925.2,1389.48,1040.29
2025-08-01,Maharashtra,Satara,Jalgaon,Tomato,Local,583.71,1550.6,935.16
2025-07-30,Maharashtra,Pune,Nashik,Tomato,Hybrid,1321.79,2138.04,1817.93
2025-06-12,Maharashtra,Satara,Lasalgaon,Maize,Yellow,1394.11,2405.95,2028.93
2025-11-15,Maharashtra,Aurangabad,Nashik,Potato,Jyoti,3223.73,4403.11,3886.6
2025-12-26,Maharashtra,Pune,Pune,Soybean,Yellow,2656.42,3749.49,3302.16
2025-03-26,Maharashtra,Ahmednagar,Ahmednagar,Soybean,Bold,3853.63,4928.91,4348.41
2025-01-03,Maharashtra,Sangli,Pune,Chickpea,Desi,2818.67,4035.2,3328.19
2025-01-05,Maharashtra,Nashik,Kolhapur,Chickpea,Kabuli,496.61,1182.05,598.04
2025-08-23,Maharashtra,Jalgaon,Sangli,Soybean,Bold,400.3,1594.38,718.54
2025-10-02,Maharashtra,Aurangabad,Lasalgaon,Sugarcane,Local,583.67,1918.28,1227.78
2025-10-17,Maharashtra,Ahmednagar,Kolhapur,Sugarcane,Local,1562.99,2964.77,2076.76
2025-01-20,Maharashtra,Nashik,Jalgaon,Sugarcane,Local,1187.8,2263.31,1568.55
2025-11-25,Maharashtra,Satara,Ahmednagar,Soybean,Yellow,3167.86,3836.75,3330.41
2025-07-14,Maharashtra,Nashik,Ahmednagar,Tomato,Hybrid,3666.41,4343.01,3914.2
2025-05-29,Maharashtra,Ahmednagar,Sangli,Wheat,Sharbati,617.09,1738.57,1050.04
2025-04-26,Maharashtra,Kolhapur,Ahmednagar,Potato,Local,100.0,1178.21,528.51
2025-01-04,Maharashtra,Solapur,Pune,Onion,White,4315.79,5108.28,4473.27
2025-01-22,Maharashtra,Jalgaon,Ahmednagar,Maize,White,2585.46,3455.14,2777.71
2025-11-23,Maharashtra,Kolhapur,Jalgaon,Tomato,Hybrid,1364.59,2655.34,1857.6
2025-07-09,Maharashtra,Sangli,Kolhapur,Rice,Non-Basmati,4121.4,4680.09,4397.89
2025-01-12,Maharashtra,Jalgaon,Pune,Cotton,Medium Staple,3792.41,4546.15,3994.23
2025-07-08,Maharashtra,Ahmednagar,Ahmednagar,Chickpea,Desi,1582.98,2372.68,1790.04
2025-11-13,Maharashtra,Dhule,Ahmednagar,Soybean,Bold,3148.96,3878.82,3544.53
2025-01-27,Maharashtra,Dhule,Lasalgaon,Chickpea,Kabuli,3432.51,4773.12,3882.76
2025-12-06,Maharashtra,Solapur,Jalgaon,Rice,Basmati,2863.66,4234.7,3506.27
2025-05-22,Maharashtra,Nashik,Sangli,Chickpea,Kabuli,3603.86,4378.76,4021.75
2025-01-07,Maharashtra,Solapur,Ahmednagar,Sugarcane,Local,845.79,1747.3,1360.55
2025-01-10,Maharashtra,Jalgaon,Jalgaon,Soybean,Bold,2322.92,3205.94,2531.33
2025-06-28,Maharashtra,Aurangabad,Ahmednagar,Rice,Basmati,3946.5,4583.77,4474.57
2025-01-03,Maharashtra,Nashik,Sangli,Maize,Yellow,1543.02,2503.47,2032.23
2025-04-13,Maharashtra,Ahmednagar,Sangli,Wheat,Lokwan,1496.13,2100.33,1725.84
2025-10-27,Maharashtra,Dhule,Lasalgaon,Sugarcane,Local,2131.63,3416.46,2633.26
2025-02-23,Maharashtra,Ahmednagar,Lasalgaon,Onion,White,373.46,1333.39,600.35
2025-06-11,Maharashtra,Pune,Lasalgaon,Sugarcane,Local,2435.5,3257.32,2891.65
2025-08-18,Maharashtra,Nashik,Solapur,Wheat,Sharbati,100.0,1292.75,500.92
2025-12-11,Maharashtra,Jalgaon,Ahmednagar,Wheat,Lokwan,3504.11,4851.0,4020.12
2025-07-30,Maharashtra,Aurangabad,Jalgaon,Rice,Basmati,100.0,1096.59,554.62
2025-10-08,Maharashtra,Ahmednagar,Pune,Potato,Local,2850.37,3746.46,3519.07
2025-03-11,Maharashtra,Kolhapur,Solapur,Maize,Yellow,1038.23,2340.61,1624.35
2025-10-28,Maharashtra,Aurangabad,Solapur,Cotton,Long Staple,603.48,1586.21,1230.73
2025-03-09,Maharashtra,Ahmednagar,Pune,Cotton,Long Staple,2419.89,3053.31,2531.49
2025-10-09,Maharashtra,Dhule,Ahmednagar,Cotton,Medium Staple,2541.59,2995.66,2859.19
2025-10-09,Maharashtra,Jalgaon,Nashik,Soybean,Bold,2486.62,3110.52,2610.45
2025-06-03,Maharashtra,Dhule,Nashik,Rice,Non-Basmati,2673.01,3312.13,2907.92
2025-08-12,Maharashtra,Sangli,Kolhapur,Maize,White,3000.19,3978.08,3329.22
2025-12-14,Maharashtra,Aurangabad,Nashik,Onion,Red,100.0,432.63,300.0
2025-07-08,Maharashtra,Pune,Jalgaon,Onion,Red,2255.22,3262.23,2662.27
2025-02-10,Maharashtra,Satara,Lasalgaon,Rice,Non-Basmati,373.94,1580.83,863.26
2025-06-22,Maharashtra,Dhule,Lasalgaon,Sugarcane,Local,660.08,1088.0,977.77
2025-08-26,Maharashtra,Pune,Kolhapur,Cotton,Medium Staple,717.89,1879.61,1179.64
2025-09-27,Maharashtra,Satara,Sangli,Cotton,Medium Staple,100.0,504.16,300.0
2025-06-14,Maharashtra,Kolhapur,Jalgaon,Chickpea,Kabuli,2206.0,3145.19,2486.75
2025-05-10,Maharashtra,Jalgaon,Jalgaon,Rice,Non-Basmati,100.0,843.62,379.4
2025-01-05,Maharashtra,Jalgaon,Sangli,Maize,Yellow,2758.08,3527.66,2986.07
2025-12-24,Maharashtra,Pune,Kolhapur,Rice,Non-Basmati,3670.93,4692.39,4322.51
2025-05-10,Maharashtra,Nashik,Solapur,Sugarcane,Local,4260.8,4674.15,4377.77
2025-06-25,Maharashtra,Kolhapur,Sangli,Soybean,Bold,765.14,1347.63,1190.8
2025-01-22,Maharashtra,Satara,Lasalgaon,Chickpea,Kabuli,384.28,1867.13,1075.38
2025-02-10,Maharashtra,Aurangabad,Solapur,Sugarcane,Local,2971.69,4025.9,3437.56
2025-06-02,Maharashtra,Aurangabad,Sangli,Maize,Yellow,2135.09,3454.25,2568.01
2025-02-15,Maharashtra,Aurangabad,Sangli,Sugarcane,Local,1901.64,3191.48,2411.12
2025-12-16,Maharashtra,Solapur,Jalgaon,Chickpea,Kabuli,656.96,1726.25,930.54
2025-01-09,Maharashtra,Jalgaon,Nashik,Rice,Non-Basmati,2512.15,3222.78,2644.5
2025-04-11,Maharashtra,Nashik,Lasalgaon,Maize,Yellow,3287.47,3702.87,3538.11
2025-02-16,Maharashtra,Kolhapur,Solapur,Soybean,Yellow,1367.17,2403.64,1572.92
2025-11-26,Maharashtra,Sangli,Kolhapur,Tomato,Hybrid,2402.38,3250.83,3056.53
2025-07-26,Maharashtra,Sangli,Pune,Tomato,Hybrid,2080.26,3205.33,2691.61
2025-08-29,Maharashtra,Satara,Ahmednagar,Chickpea,Kabuli,1426.06,2502.17,1716.68
2025-01-03,Maharashtra,Pune,Sangli,Chickpea,Desi,1837.04,2916.61,2438.69
2025-09-21,Maharashtra,Ahmednagar,Lasalgaon,Cotton,Medium Staple,1017.04,1476.63,1244.1
2025-02-05,Maharashtra,Jalgaon,Solapur,Chickpea,Desi,3307.27,3925.58,3527.02
2025-10-26,Maharashtra,Solapur,Ahmednagar,Rice,Non-Basmati,703.85,2155.08,1264.37
2025-08-31,Maharashtra,Satara,Jalgaon,Soybean,Yellow,1486.36,2682.32,1782.52
2025-08-26,Maharashtra,Ahmednagar,Lasalgaon,Cotton,Medium Staple,3444.21,4251.76,3583.09
2025-11-15,Maharashtra,Ahmednagar,Kolhapur,Soybean,Bold,1339.93,2682.32,1871.92
2025-08-07,Maharashtra,Jalgaon,Lasalgaon,Soybean,Bold,683.21,1512.33,1376.97
2025-07-20,Maharashtra,Jalgaon,Solapur,Soybean,Bold,2280.84,3041.2,2720.42
2025-01-27,Maharashtra,Ahmednagar,Nashik,Maize,White,4396.16,5049.53,4654.36
2025-03-30,Maharashtra,Ahmednagar,Ahmednagar,Wheat,Sharbati,3573.16,4006.5,3896.91
2025-09-26,Maharashtra,Satara,Nashik,Rice,Non-Basmati,2743.01,3633.76,3232.2
2025-11-03,Maharashtra,Nashik,Kolhapur,Maize,White,3172.21,3867.46,3693.04
2025-11-20,Maharashtra,Sangli,Sangli,Wheat,Lokwan,2487.86,3633.59,3119.66
2025-05-04,Maharashtra,Jalgaon,Nashik,Tomato,Hybrid,2129.15,2877.99,2774.45
2025-10-08,Maharashtra,Jalgaon,Sangli,Onion,Red,2980.05,3913.18,
2025-09-12,Maharashtra,Dhule,Sangli,Sugarcane,Local,2427.4,3709.52,2916.49
2025-12-25,Maharashtra,Satara,Solapur,Cotton,Long Staple,2066.18,2706.54,2436.1
2025-01-02,Maharashtra,Jalgaon,Kolhapur,Onion,White,2216.03,2875.48,2723.61
2025-11-25,Maharashtra,Ahmednagar,Lasalgaon,Chickpea,Desi,2398.57,3198.3,2898.51
2025-05-03,Maharashtra,Jalgaon,Kolhapur,Rice,Non-Basmati,2636.83,3629.66,2867.62
2025-08-24,Maharashtra,Dhule,Pune,Onion,Red,2533.46,3507.75,2938.0
2025-03-18,Maharashtra,Nashik,Jalgaon,Chickpea,Desi,1090.76,1884.55,1315.69
2025-03-19,Maharashtra,Jalgaon,Pune,Onion,Red,1612.31,2352.24,2251.78
2025-11-28,Maharashtra,Dhule,Nashik,Chickpea,Kabuli,685.84,1457.51,979.79
2025-06-12,Maharashtra,Dhule,Solapur,Maize,Yellow,2231.95,3127.7,2815.2
2025-05-30,Maharashtra,Satara,Pune,Rice,Non-Basmati,2586.65,3281.95,2912.99
2025-02-17,Maharashtra,Jalgaon,Jalgaon,Wheat,Lokwan,3523.49,4660.68,4081.73
2025-04-24,Maharashtra,Dhule,Lasalgaon,Wheat,Lokwan,2627.85,3659.87,2860.4
2025-03-05,Maharashtra,Pune,Sangli,Rice,Basmati,1497.4,2300.97,2055.65
2025-05-30,Maharashtra,Satara,Sangli,Maize,White,1786.62,2708.92,1994.34
2025-03-14,Maharashtra,Dhule,Solapur,Tomato,Hybrid,2880.36,3413.97,3274.85
2025-02-16,Maharashtra,Satara,Nashik,Maize,Yellow,1514.52,2044.08,1682.7
2025-10-23,Maharashtra,Jalgaon,Lasalgaon,Onion,White,2267.19,2959.06,2683.93
2025-12-28,Maharashtra,Sangli,Jalgaon,Chickpea,Desi,3051.96,4476.85,3644.39
2025-06-30,Maharashtra,Dhule,Nashik,Chickpea,Desi,4376.46,5172.19,4929.79
2025-09-16,Maharashtra,Aurangabad,Jalgaon,Tomato,Hybrid,3756.23,4449.57,3886.66
2025-04-05,Maharashtra,Pune,Kolhapur,Tomato,Hybrid,1474.21,2101.34,1869.51
2025-04-11,Maharashtra,Sangli,Nashik,Tomato,Local,993.05,2083.17,1604.38
2025-03-24,Maharashtra,Nashik,Solapur,Cotton,Medium Staple,2766.17,3686.95,3256.23
2025-03-23,Maharashtra,Sangli,Sangli,Potato,Local,2107.86,2376.47,2243.38
2025-05-01,Maharashtra,Kolhapur,Nashik,Cotton,Long Staple,429.94,1486.02,725.32
2025-01-03,Maharashtra,Nashik,Kolhapur,Rice,Non-Basmati,5176.84,6334.88,5610.79
2025-01-13,Maharashtra,Aurangabad,Kolhapur,Chickpea,Desi,2504.02,3029.9,
2025-06-13,Maharashtra,Ahmednagar,Jalgaon,Rice,Basmati,3490.02,4590.36,3999.17
2025-04-15,Maharashtra,Satara,Nashik,Onion,Red,1618.93,2489.98,2099.84
2025-12-11,Maharashtra,Nashik,Lasalgaon,Tomato,Local,2240.9,3177.75,2462.37
2025-12-14,Maharashtra,Ahmednagar,Kolhapur,Rice,Non-Basmati,2251.62,3335.84,2681.85
2025-06-15,Maharashtra,Dhule,Ahmednagar,Wheat,Sharbati,1585.57,2344.97,2172.6
2025-03-16,Maharashtra,Jalgaon,Sangli,Soybean,Yellow,1263.98,2364.22,1588.87
2025-03-01,Maharashtra,Kolhapur,Nashik,Maize,Yellow,4888.84,5380.57,5137.03
2025-08-21,Maharashtra,Solapur,Ahmednagar,Cotton,Long Staple,2405.22,3165.24,2925.95
2025-03-14,Maharashtra,Kolhapur,Pune,Cotton,Long Staple,463.95,1293.43,606.43
2025-10-05,Maharashtra,Kolhapur,Jalgaon,Onion,Red,2022.44,2868.65,2622.05
2025-05-29,Maharashtra,Kolhapur,Kolhapur,Sugarcane,Local,107.41,971.4,773.48
2025-05-03,Maharashtra,Dhule,Ahmednagar,Chickpea,Kabuli,806.34,1853.68,1485.22
2025-10-16,Maharashtra,Solapur,Pune,Rice,Basmati,2268.64,3399.14,2628.17
2025-01-04,Maharashtra,Solapur,Kolhapur,Sugarcane,Local,2673.2,3388.57,3147.12
2025-08-25,Maharashtra,Jalgaon,Jalgaon,Chickpea,Kabuli,100.0,671.26,300.0
2025-07-27,Maharashtra,Dhule,Sangli,Wheat,Lokwan,4324.96,4888.01,4559.01
2025-06-21,Maharashtra,Solapur,Sangli,Cotton,Long Staple,1592.77,2094.24,1709.39
2025-07-26,Maharashtra,Satara,Solapur,Wheat,Lokwan,1899.78,2901.93,2230.52
2025-05-30,Maharashtra,Jalgaon,Ahmednagar,Cotton,Long Staple,3709.62,4764.61,4340.24
2025-08-12,Maharashtra,Satara,Jalgaon,Tomato,Local,4150.74,5261.45,4553.79
2025-02-28,Maharashtra,Sangli,Nashik,Sugarcane,Local,1338.41,2368.87,1756.54
2025-10-20,Maharashtra,Kolhapur,Pune,Sugarcane,Local,3260.96,4164.72,3775.84
2025-05-31,Maharashtra,Pune,Ahmednagar,Soybean,Bold,2245.76,3136.26,2690.47
2025-06-10,Maharashtra,Dhule,Pune,Onion,White,5552.72,6348.31,5685.41
2025-04-23,Maharashtra,Kolhapur,Jalgaon,Rice,Non-Basmati,1255.48,2219.8,1691.99
2025-08-20,Maharashtra,Satara,Sangli,Tomato,Local,3990.86,5274.31,4479.63
2025-07-05,Maharashtra,Ahmednagar,Kolhapur,Tomato,Hybrid,1312.81,2644.32,1797.77
2025-08-27,Maharashtra,Jalgaon,Jalgaon,Maize,White,674.65,1885.82,1211.66
2025-09-04,Maharashtra,Pune,Sangli,Rice,Basmati,1724.06,3027.38,2136.01
2025-05-20,Maharashtra,Solapur,Lasalgaon,Cotton,Long Staple,100.0,1108.55,531.32
2025-04-22,Maharashtra,Pune,Lasalgaon,Chickpea,Kabuli,1004.24,1514.66,1382.8
2025-07-14,Maharashtra,Satara,Jalgaon,Potato,Local,1704.93,2619.73,2115.85
2025-05-05,Maharashtra,Kolhapur,Sangli,Sugarcane,Local,1628.1,2480.29,2196.28
2025-12-22,Maharashtra,Jalgaon,Lasalgaon,Soybean,Yellow,2999.76,3966.67,3599.7
2025-08-27,Maharashtra,Satara,Sangli,Potato,Local,2997.21,3978.28,3486.22
2025-01-01,Maharashtra,Satara,Ahmednagar,Rice,Non-Basmati,2281.51,2793.37,2457.33
2025-05-01,Maharashtra,Sangli,Sangli,Wheat,Sharbati,116.16,763.03,415.33
2025-03-30,Maharashtra,Aurangabad,Solapur,Wheat,Lokwan,187.91,721.61,300.0
2025-01-20,Maharashtra,Aurangabad,Lasalgaon,Wheat,Lokwan,1586.83,2193.27,1864.1
2025-09-30,Maharashtra,Solapur,Nashik,Sugarcane,Local,1055.25,1733.0,1497.4
2025-06-26,Maharashtra,Aurangabad,Nashik,Cotton,Medium Staple,1206.78,2502.37,1789.92
2025-04-24,Maharashtra,Solapur,Ahmednagar,Tomato,Local,3995.03,4862.59,4446.42
2025-10-09,Maharashtra,Solapur,Solapur,Tomato,Hybrid,1647.3,2536.64,1771.23
2025-01-27,Maharashtra,Sangli,Jalgaon,Onion,Red,1206.02,2267.66,1461.48
2025-07-07,Maharashtra,Nashik,Nashik,Sugarcane,Local,2048.99,3196.59,2495.82
2025-03-28,Maharashtra,Pune,Nashik,Sugarcane,Local,1350.7,2293.47,1876.13
2025-03-21,Maharashtra,Ahmednagar,Ahmednagar,Potato,Jyoti,2596.58,3893.51,3216.45
2025-06-29,Maharashtra,Kolhapur,Ahmednagar,Potato,Local,2114.08,3018.85,2794.67
2025-02-24,Maharashtra,Nashik,Solapur,Wheat,Sharbati,4089.3,5353.26,4724.37
2025-09-04,Maharashtra,Ahmednagar,Pune,Tomato,Hybrid,1769.4,2574.62,2149.8
2025-11-13,Maharashtra,Kolhapur,Solapur,Cotton,Medium Staple,4269.01,5441.68,4817.17
2025-08-21,Maharashtra,Satara,Solapur,Sugarcane,Local,3093.16,4041.31,3337.48
2025-09-27,Maharashtra,Pune,Lasalgaon,Potato,Local,2998.34,3686.78,3136.64
2025-04-19,Maharashtra,Solapur,Nashik,Chickpea,Desi,166.96,913.98,300.0
2025-08-26,Maharashtra,Nashik,Kolhapur,Wheat,Lokwan,100.0,570.82,300.0
2025-11-03,Maharashtra,Sangli,Jalgaon,Chickpea,Kabuli,445.53,1142.22,568.06
2025-06-04,Maharashtra,Pune,Nashik,Sugarcane,Local,2146.11,3224.66,2756.28
2025-06-17,Maharashtra,Dhule,Pune,Wheat,Lokwan,3011.13,3847.53,3405.09
2025-03-09,Maharashtra,Aurangabad,Jalgaon,Tomato,Hybrid,2554.94,3569.74,3141.48
2025-09-22,Maharashtra,Satara,Solapur,Tomato,Hybrid,1881.41,2894.08,2545.34
2025-08-23,Maharashtra,Nashik,Sangli,Potato,Local,2887.68,3928.3,3584.03
2025-02-08,Maharashtra,Pune,Pune,Chickpea,Kabuli,3271.03,4593.1,3933.33
2025-05-23,Maharashtra,Solapur,Kolhapur,Maize,Yellow,1600.08,2676.26,2130.02
2025-12-11,Maharashtra,Ahmednagar,Pune,Wheat,Sharbati,2804.64,3293.79,3169.82
2025-01-18,Maharashtra,Jalgaon,Nashik,Wheat,Sharbati,2502.01,3099.63,2960.81
2025-02-21,Maharashtra,Nashik,Nashik,Chickpea,Kabuli,2877.69,4023.69,3467.59
2025-08-10,Maharashtra,Kolhapur,Nashik,Potato,Jyoti,2254.58,3670.14,2893.11
2025-10-20,Maharashtra,Jalgaon,Nashik,Chickpea,Desi,2143.01,2952.08,2816.9
2025-03-21,Maharashtra,Jalgaon,Pune,Wheat,Sharbati,1236.37,2280.5,1774.73
2025-06-30,Maharashtra,Satara,Ahmednagar,Chickpea,Desi,2322.8,3527.68,2746.77
2025-05-20,Maharashtra,Kolhapur,Solapur,Chickpea,Kabuli,1411.31,2195.89,2092.33
2025-07-28,Maharashtra,Dhule,Ahmednagar,Potato,Jyoti,542.0,1537.81,1217.17
2025-12-01,Maharashtra,Ahmednagar,Ahmednagar,Potato,Jyoti,2473.46,3695.92,2859.99
2025-10-08,Maharashtra,Sangli,Nashik,Onion,White,783.82,1438.19,1273.02
2025-05-02,Maharashtra,Solapur,Lasalgaon,Wheat,Sharbati,1862.82,3033.97,2448.38
2025-07-30,Maharashtra,Jalgaon,Kolhapur,Onion,Red,1700.6,2566.35,2060.45
2025-12-10,Maharashtra,Jalgaon,Pune,Chickpea,Desi,1227.55,2046.52,1825.17
2025-05-15,Maharashtra,Solapur,Kolhapur,Chickpea,Desi,4019.52,4320.38,4186.39
2025-06-26,Maharashtra,Pune,Jalgaon,Maize,White,4077.25,4968.01,4465.94
2025-02-08,Maharashtra,Nashik,Jalgaon,Rice,Non-Basmati,1754.21,2831.88,2143.78
2025-03-16,Maharashtra,Ahmednagar,Sangli,Soybean,Yellow,3186.02,3938.61,3696.81
2025-12-19,Maharashtra,Pune,Sangli,Potato,Jyoti,432.42,1255.32,602.26
2025-02-18,Maharashtra,Sangli,Solapur,Chickpea,Kabuli,920.15,1619.18,1082.07
2025-08-05,Maharashtra,Satara,Pune,Onion,White,1786.33,2812.96,2426.69
2025-09-03,Maharashtra,Jalgaon,Pune,Sugarcane,Local,937.84,1851.62,1220.08
2025-08-19,Maharashtra,Solapur,Pune,Rice,Basmati,2654.61,3204.35,2950.77
2025-09-12,Maharashtra,Solapur,Ahmednagar,Chickpea,Desi,2278.93,3310.59,2845.04
2025-07-22,Maharashtra,Solapur,Lasalgaon,Tomato,Local,2094.14,2982.53,2443.09
2025-05-24,Maharashtra,Nashik,Jalgaon,Wheat,Lokwan,4740.89,5807.6,5340.65
2025-12-18,Maharashtra,Ahmednagar,Kolhapur,Cotton,Long Staple,2600.74,3359.62,2941.62
2025-10-23,Maharashtra,Solapur,Jalgaon,Sugarcane,Local,2634.88,3883.97,3191.24
2025-01-07,Maharashtra,Nashik,Lasalgaon,Rice,Basmati,2667.47,3707.54,3082.66
2025-04-11,Maharashtra,Sangli,Ahmednagar,Sugarcane,Local,757.32,2030.38,1418.81
2025-10-23,Maharashtra,Aurangabad,Nashik,Maize,Yellow,4543.86,5653.74,4840.3
2025-11-22,Maharashtra,Jalgaon,Ahmednagar,Sugarcane,Local,497.72,1710.14,
2025-08-16,Maharashtra,Nashik,Sangli,Potato,Local,2160.11,3395.87,2842.1
2025-04-13,Maharashtra,Kolhapur,Jalgaon,Potato,Local,2850.69,3771.82,3393.21
2025-04-02,Maharashtra,Pune,Ahmednagar,Chickpea,Kabuli,3116.83,4403.47,3680.37
2025-10-05,Maharashtra,Aurangabad,Lasalgaon,Soybean,Yellow,1848.95,2340.21,2126.54
2025-12-23,Maharashtra,Jalgaon,Sangli,Onion,Red,2972.95,3902.5,3392.17
2025-07-06,Maharashtra,Solapur,Ahmednagar,Rice,Non-Basmati,953.91,1761.64,1242.04
2025-05-26,Maharashtra,Ahmednagar,Pune,Rice,Non-Basmati,4248.6,5391.29,4504.52
2025-09-24,Maharashtra,Kolhapur,Lasalgaon,Rice,Basmati,1883.32,3197.27,2304.46
2025-04-29,Maharashtra,Satara,Sangli,Potato,Jyoti,1211.29,2643.32,1903.95
2025-09-21,Maharashtra,Aurangabad,Lasalgaon,Soybean,Yellow,1505.86,2213.04,1734.63
2025-10-03,Maharashtra,Dhule,Kolhapur,Potato,Local,2611.4,3394.69,2856.91
2025-07-22,Maharashtra,Jalgaon,Pune,Cotton,Medium Staple,358.03,959.7,603.91
2025-02-28,Maharashtra,Kolhapur,Pune,Rice,Basmati,2986.69,4325.58,3561.71
2025-12-13,Maharashtra,Satara,Kolhapur,Soybean,Bold,1377.18,2480.71,1783.47
2025-06-02,Maharashtra,Dhule,Pune,Maize,White,3734.47,4782.47,
2025-07-05,Maharashtra,Jalgaon,Nashik,Soybean,Yellow,402.79,1220.01,1009.07
2025-04-25,Maharashtra,Dhule,Ahmednagar,Chickpea,Kabuli,2379.96,3077.36,2658.46
2025-10-02,Maharashtra,Satara,Sangli,Sugarcane,Local,2829.33,3694.54,3164.66
2025-12-28,Maharashtra,Dhule,Jalgaon,Tomato,Local,3150.49,3494.39,3294.66
2025-08-24,Maharashtra,Jalgaon,Kolhapur,Potato,Local,1708.6,2274.85,
2025-03-07,Maharashtra,Satara,Nashik,Soybean,Yellow,836.29,1188.27,1018.33
2025-09-20,Maharashtra,Satara,Jalgaon,Chickpea,Desi,1643.49,2818.75,1951.68
2025-02-20,Maharashtra,Pune,Solapur,Sugarcane,Local,3485.54,4601.0,3899.99
2025-12-17,Maharashtra,Jalgaon,Solapur,Maize,Yellow,4910.29,5607.33,5010.73
2025-11-27,Maharashtra,Dhule,Jalgaon,Chickpea,Kabuli,338.58,816.42,552.54
2025-08-20,Maharashtra,Sangli,Jalgaon,Cotton,Medium Staple,1409.03,1981.72,1614.42
2025-12-26,Maharashtra,Aurangabad,Jalgaon,Cotton,Medium Staple,169.09,636.69,421.1
2025-01-13,Maharashtra,Ahmednagar,Lasalgaon,Sugarcane,Local,1642.3,2370.84,1841.95
2025-11-11,Maharashtra,Jalgaon,Lasalgaon,Rice,Non-Basmati,1517.43,2490.92,1734.51
2025-10-21,Maharashtra,Aurangabad,Lasalgaon,Tomato,Hybrid,375.03,1180.59,1065.36
2025-01-20,Maharashtra,Kolhapur,Jalgaon,Chickpea,Desi,4038.77,4678.26,4495.61
2025-08-01,Maharashtra,Jalgaon,Nashik,Rice,Non-Basmati,3318.63,4159.72,3876.24
2025-09-27,Maharashtra,Kolhapur,Kolhapur,Wheat,Sharbati,2200.46,3463.32,2792.07
2025-02-09,Maharashtra,Dhule,Ahmednagar,Potato,Local,1867.1,3182.89,2367.7
2025-05-15,Maharashtra,Aurangabad,Pune,Cotton,Medium Staple,3048.56,4273.42,3571.01
2025-09-19,Maharashtra,Sangli,Lasalgaon,Cotton,Long Staple,818.82,1818.15,1298.19
2025-06-30,Maharashtra,Aurangabad,Lasalgaon,Rice,Basmati,2296.43,2970.14,2786.05
2025-08-15,Maharashtra,Aurangabad,Ahmednagar,Soybean,Bold,1116.68,2477.69,1773.75
2025-09-22,Maharashtra,Satara,Solapur,Onion,White,5100.75,5496.71,5312.19
2025-04-16,Maharashtra,Dhule,Jalgaon,Onion,Red,605.36,1248.35,870.2
2025-11-17,Maharashtra,Kolhapur,Pune,Potato,Jyoti,2017.38,2519.73,2173.34
2025-04-06,Maharashtra,Nashik,Nashik,Onion,Red,344.2,1333.98,946.6
2025-10-22,Maharashtra,Aurangabad,Ahmednagar,Cotton,Long Staple,3033.27,3766.15,3402.53
2025-05-03,Maharashtra,Solapur,Pune,Soybean,Bold,2755.54,4115.14,3399.8
2025-10-04,Maharashtra,Dhule,Solapur,Cotton,Medium Staple,1315.76,1900.14,1662.76
2025-02-06,Maharashtra,Jalgaon,Nashik,Tomato,Hybrid,643.75,1785.99,1009.32
2025-09-25,Maharashtra,Satara,Jalgaon,Cotton,Long Staple,1668.02,2823.64,2037.03
2025-07-17,Maharashtra,Solapur,Sangli,Maize,Yellow,1195.03,2155.27,1662.53
2025-09-12,Maharashtra,Pune,Jalgaon,Potato,Jyoti,2017.25,2761.84,2576.92
2025-01-15,Maharashtra,Jalgaon,Jalgaon,Soybean,Yellow,4132.94,5004.05,4443.72
2025-03-26,Maharashtra,Nashik,Lasalgaon,Potato,Local,2815.52,4050.36,
2025-04-02,Maharashtra,Sangli,Kolhapur,Tomato,Hybrid,3188.62,3742.58,3411.0
2025-04-10,Maharashtra,Dhule,Nashik,Tomato,Hybrid,2062.48,3265.11,2494.91
2025-06-23,Maharashtra,Solapur,Solapur,Chickpea,Kabuli,5244.33,6313.81,5672.28
2025-08-03,Maharashtra,Nashik,Pune,Sugarcane,Local,2006.61,3529.64,2639.84
2025-12-31,Maharashtra,Solapur,Nashik,Sugarcane,Local,2733.23,4130.5,3370.73
2025-03-27,Maharashtra,Sangli,Solapur,Rice,Basmati,3426.03,4079.56,3818.36
2025-03-23,Maharashtra,Sangli,Ahmednagar,Maize,Yellow,2323.89,2897.86,2438.65
2025-11-18,Maharashtra,Nashik,Jalgaon,Tomato,Hybrid,2142.18,2931.76,2748.95
2025-04-27,Maharashtra,Pune,Nashik,Tomato,Hybrid,1715.82,1971.93,1816.19
2025-06-16,Maharashtra,Satara,Lasalgaon,Rice,Basmati,2134.65,3186.45,2521.6
2025-08-30,Maharashtra,Aurangabad,Ahmednagar,Tomato,Hybrid,4144.26,5086.48,4256.14
2025-10-05,Maharashtra,Sangli,Pune,Maize,Yellow,3585.15,4775.56,
2025-12-08,Maharashtra,Jalgaon,Ahmednagar,Soybean,Bold,2843.01,3641.44,3325.06
2025-05-14,Maharashtra,Kolhapur,Pune,Soybean,Bold,3269.64,3853.78,3592.36
2025-06-29,Maharashtra,Sangli,Nashik,Sugarcane,Local,1798.94,3003.25,2455.07
2025-06-14,Maharashtra,Jalgaon,Ahmednagar,Chickpea,Desi,3153.34,3898.48,3637.79
2025-07-31,Maharashtra,Nashik,Solapur,Rice,Non-Basmati,1829.37,2653.96,2317.24
2025-01-06,Maharashtra,Ahmednagar,Lasalgaon,Onion,Red,215.24,1309.68,539.9
2025-03-14,Maharashtra,Pune,Jalgaon,Potato,Jyoti,4575.81,5447.31,4698.94
2025-12-23,Maharashtra,Kolhapur,Lasalgaon,Maize,Yellow,1711.96,3070.93,2254.87
2025-03-18,Maharashtra,Jalgaon,Kolhapur,Onion,Red,3235.4,4250.94,3765.14
2025-10-10,Maharashtra,Pune,Nashik,Wheat,Lokwan,1646.63,2615.98,2064.71
2025-08-03,Maharashtra,Satara,Sangli,Sugarcane,Local,100.0,1016.47,300.0
2025-06-14,Maharashtra,Pune,Ahmednagar,Maize,White,1989.63,2704.04,2412.62
2025-06-23,Maharashtra,Ahmednagar,Kolhapur,Tomato,Hybrid,100.0,1058.47,300.0
2025-04-08,Maharashtra,Nashik,Nashik,Wheat,Lokwan,2878.76,3520.48,3406.43
2025-01-25,Maharashtra,Satara,Ahmednagar,Tomato,Hybrid,1730.1,2963.09,2224.96
2025-05-31,Maharashtra,Pune,Lasalgaon,Potato,Local,3320.37,4683.37,3962.64
2025-08-08,Maharashtra,Ahmednagar,Jalgaon,Maize,Yellow,2314.06,3121.42,2779.99
2025-06-03,Maharashtra,Satara,Ahmednagar,Chickpea,Kabuli,1155.18,1946.22,1263.89
2025-03-17,Maharashtra,Satara,Jalgaon,Onion,White,2832.92,3574.95,3303.76
2025-08-19,Maharashtra,Solapur,Pune,Soybean,Bold,160.95,1189.47,628.48
2025-01-03,Maharashtra,Nashik,Nashik,Onion,Red,1989.7,2791.95,2131.48
2025-03-14,Maharashtra,Kolhapur,Jalgaon,Maize,Yellow,100.0,971.76,300.0
2025-04-21,Maharashtra,Pune,Jalgaon,Rice,Basmati,2429.45,3806.46,2920.11
2025-12-01,Maharashtra,Satara,Nashik,Sugarcane,Local,2274.07,3042.38,2796.77
2025-03-13,Maharashtra,Kolhapur,Kolhapur,Potato,Jyoti,2015.52,3135.99,2651.35
2025-09-12,Maharashtra,Pune,Pune,Rice,Basmati,772.14,2181.05,1376.97
2025-08-06,Maharashtra,Satara,Ahmednagar,Tomato,Local,3952.95,4672.1,4122.89
2025-07-27,Maharashtra,Nashik,Jalgaon,Sugarcane,Local,3125.18,4391.56,
2025-09-06,Maharashtra,Satara,Nashik,Soybean,Yellow,2322.97,3228.11,2780.86
2025-10-17,Maharashtra,Dhule,Solapur,Sugarcane,Local,1520.74,2539.27,1802.99
2025-12-06,Maharashtra,Dhule,Pune,Sugarcane,Local,1869.7,2876.2,2080.16
2025-03-06,Maharashtra,Kolhapur,Kolhapur,Sugarcane,Local,2261.88,3258.74,2481.58
2025-10-12,Maharashtra,Solapur,Pune,Potato,Local,972.35,1975.97,1178.87
2025-01-04,Maharashtra,Solapur,Ahmednagar,Sugarcane,Local,2939.99,3799.39,3523.74
2025-07-15,Maharashtra,Sangli,Pune,Tomato,Local,3822.17,4462.39,4011.2
2025-04-29,Maharashtra,Dhule,Lasalgaon,Maize,Yellow,4292.25,4790.55,4550.89
2025-07-09,Maharashtra,Solapur,Kolhapur,Wheat,Lokwan,1856.9,2332.01,2087.58
2025-06-15,Maharashtra,Jalgaon,Nashik,Potato,Jyoti,3625.01,4642.98,4152.72
2025-08-20,Maharashtra,Ahmednagar,Sangli,Tomato,Local,4031.65,5094.76,4226.69
2025-05-10,Maharashtra,Jalgaon,Nashik,Sugarcane,Local,1627.05,2315.02,1741.49
2025-04-02,Maharashtra,Pune,Nashik,Potato,Jyoti,970.92,2078.53,1295.46
2025-11-28,Maharashtra,Satara,Kolhapur,Chickpea,Desi,3520.86,4653.66,3803.92
2025-05-05,Maharashtra,Sangli,Lasalgaon,Onion,Red,1503.16,2011.04,1841.78
2025-10-27,Maharashtra,Sangli,Solapur,Onion,White,1067.02,1848.96,1619.31
2025-07-26,Maharashtra,Satara,Jalgaon,Tomato,Local,3372.2,3812.3,3479.62
2025-04-24,Maharashtra,Aurangabad,Solapur,Tomato,Hybrid,714.27,1430.32,836.9
2025-12-27,Maharashtra,Kolhapur,Lasalgaon,Soybean,Yellow,1711.63,2114.4,1965.01
2025-12-17,Maharashtra,Solapur,Lasalgaon,Soybean,Yellow,100.0,1029.32,300.0
2025-04-11,Maharashtra,Solapur,Lasalgaon,Onion,Red,1289.68,1642.16,1491.12
2025-02-01,Maharashtra,Jalgaon,Nashik,Maize,Yellow,1012.83,1937.8,1711.05
2025-05-11,Maharashtra,Solapur,Lasalgaon,Maize,White,1016.33,2005.11,1599.74
2025-01-17,Maharashtra,Dhule,Sangli,Onion,Red,1610.22,2530.07,1983.9
2025-09-05,Maharashtra,Aurangabad,Kolhapur,Chickpea,Desi,100.0,1105.2,300.0
2025-03-05,Maharashtra,Nashik,Jalgaon,Sugarcane,Local,880.83,2163.1,1292.12
2025-03-19,Maharashtra,Solapur,Pune,Onion,White,3674.24,4921.55,
2025-07-19,Maharashtra,Pune,Solapur,Sugarcane,Local,2409.35,3043.45,2857.81
2025-02-10,Maharashtra,Aurangabad,Kolhapur,Wheat,Sharbati,1395.93,2490.15,1885.16
2025-09-15,Maharashtra,Sangli,Ahmednagar,Sugarcane,Local,1577.09,2166.92,1713.55
2025-06-30,Maharashtra,Pune,Kolhapur,Maize,Yellow,2948.35,3618.88,3418.25
2025-10-17,Maharashtra,Kolhapur,Sangli,Cotton,Medium Staple,2072.89,3147.15,2603.06
2025-05-05,Maharashtra,Aurangabad,Ahmednagar,Cotton,Medium Staple,867.06,1538.82,1153.5
2025-12-10,Maharashtra,Kolhapur,Solapur,Onion,White,1172.57,2236.35,1859.72
2025-04-22,Maharashtra,Jalgaon,Jalgaon,Soybean,Yellow,829.18,1191.4,1015.85
2025-08-23,Maharashtra,Solapur,Nashik,Wheat,Lokwan,1022.65,2552.0,1668.91
2025-07-21,Maharashtra,Sangli,Nashik,Sugarcane,Local,2816.23,4002.87,3322.1
2025-02-09,Maharashtra,Ahmednagar,Lasalgaon,Rice,Basmati,2703.14,3526.0,3201.73
2025-07-18,Maharashtra,Kolhapur,Solapur,Cotton,Long Staple,3109.36,4568.96,3734.98
2025-11-07,Maharashtra,Sangli,Kolhapur,Sugarcane,Local,2071.57,3529.08,2670.61
2025-05-06,Maharashtra,Jalgaon,Nashik,Sugarcane,Local,381.78,1437.34,689.04
2025-03-15,Maharashtra,Kolhapur,Nashik,Potato,Local,481.98,1632.65,1005.2
2025-06-28,Maharashtra,Solapur,Kolhapur,Maize,Yellow,2938.54,3470.0,3068.9
2025-01-05,Maharashtra,Kolhapur,Kolhapur,Wheat,Lokwan,2243.7,3069.59,2622.11
2025-11-08,Maharashtra,Nashik,Ahmednagar,Sugarcane,Local,446.33,1573.0,1108.99
2025-04-28,Maharashtra,Pune,Ahmednagar,Tomato,Hybrid,1824.73,2948.19,2089.18
2025-08-20,Maharashtra,Ahmednagar,Solapur,Chickpea,Kabuli,4649.75,5487.84,4779.73
2025-05-29,Maharashtra,Sangli,Nashik,Chickpea,Desi,3168.13,3951.51,3617.9
2025-11-10,Maharashtra,Sangli,Kolhapur,Sugarcane,Local,3985.28,4898.05,4298.34
2025-07-20,Maharashtra,Kolhapur,Jalgaon,Cotton,Long Staple,757.12,1660.05,1084.93
2025-12-15,Maharashtra,Jalgaon,Lasalgaon,Wheat,Sharbati,4055.0,5254.18,4504.47
2025-01-31,Maharashtra,Aurangabad,Nashik,Soybean,Bold,1402.82,2052.02,1875.77
2025-08-25,Maharashtra,Jalgaon,Kolhapur,Soybean,Yellow,4024.26,5047.67,4386.65
2025-06-04,Maharashtra,Satara,Sangli,Maize,Yellow,2525.43,3294.9,2929.96
2025-07-17,Maharashtra,Kolhapur,Sangli,Wheat,Lokwan,2558.24,3457.9,3254.19
2025-04-17,Maharashtra,Dhule,Lasalgaon,Sugarcane,Local,2659.29,4019.0,3333.58
2025-06-08,Maharashtra,Solapur,Sangli,Maize,White,2094.17,2983.88,2618.56
2025-06-18,Maharashtra,Kolhapur,Ahmednagar,Wheat,Lokwan,3003.25,3884.24,3200.14
2025-10-28,Maharashtra,Satara,Kolhapur,Onion,White,961.44,1507.37,1277.42
2025-09-15,Maharashtra,Dhule,Nashik,Potato,Jyoti,1715.42,3234.02,2345.27
2025-03-03,Maharashtra,Nashik,Sangli,Tomato,Local,3082.69,4179.56,3436.83
2025-05-29,Maharashtra,Sangli,Sangli,Chickpea,Desi,1957.42,2961.96,2630.64
2025-06-11,Maharashtra,Ahmednagar,Nashik,Potato,Local,1686.12,2771.52,2079.1
2025-03-27,Maharashtra,Jalgaon,Solapur,Sugarcane,Local,2163.44,2989.14,2780.5
2025-01-13,Maharashtra,Jalgaon,Lasalgaon,Chickpea,Kabuli,741.95,1485.93,863.18
2025-10-02,Maharashtra,Ahmednagar,Solapur,Rice,Non-Basmati,3394.83,3903.04,3755.33
2025-05-04,Maharashtra,Aurangabad,Solapur,Maize,White,100.0,666.71,300.0
2025-12-24,Maharashtra,Pune,Kolhapur,Rice,Basmati,1851.91,3352.82,2470.05
2025-04-14,Maharashtra,Sangli,Sangli,Onion,White,2946.47,3608.98,3412.25
2025-02-18,Maharashtra,Solapur,Pune,Rice,Basmati,2393.9,3175.79,2597.85
2025-01-03,Maharashtra,Kolhapur,Solapur,Soybean,Yellow,1305.63,2093.59,1937.1
2025-09-07,Maharashtra,Dhule,Jalgaon,Potato,Jyoti,3374.66,4455.07,3819.55
2025-09-10,Maharashtra,Solapur,Nashik,Soybean,Yellow,1508.48,1996.22,1673.29
2025-07-30,Maharashtra,Ahmednagar,Nashik,Sugarcane,Local,4143.34,4869.63,4521.65
2025-03-12,Maharashtra,Jalgaon,Nashik,Sugarcane,Local,1728.76,2618.37,2248.13
2025-09-28,Maharashtra,Dhule,Pune,Maize,Yellow,1835.04,2469.78,2205.65
2025-02-07,Maharashtra,Kolhapur,Pune,Chickpea,Kabuli,2751.26,4227.06,3373.74
2025-06-02,Maharashtra,Dhule,Ahmednagar,Cotton,Medium Staple,1773.47,2952.36,2127.69
2025-11-13,Maharashtra,Dhule,Lasalgaon,Tomato,Hybrid,2165.11,3411.2,2615.18
2025-08-03,Maharashtra,Aurangabad,Kolhapur,Onion,Red,2958.85,3370.71,3185.55
2025-01-10,Maharashtra,Dhule,Jalgaon,Soybean,Yellow,621.94,1316.3,1029.55
2025-04-10,Maharashtra,Nashik,Jalgaon,Onion,Red,3001.72,3825.22,3235.44
2025-12-23,Maharashtra,Solapur,Pune,Rice,Basmati,232.84,1344.25,467.95
2025-10-25,Maharashtra,Aurangabad,Lasalgaon,Soybean,Yellow,2216.46,3068.26,2484.4
2025-08-22,Maharashtra,Kolhapur,Ahmednagar,Tomato,Local,1945.63,2433.83,2072.15
2025-07-18,Maharashtra,Satara,Nashik,Sugarcane,Local,728.56,1680.47,926.54
2025-06-23,Maharashtra,Ahmednagar,Jalgaon,Cotton,Long Staple,4175.11,4738.08,4529.73
2025-08-05,Maharashtra,Ahmednagar,Pune,Maize,Yellow,2522.21,3506.24,2700.85
2025-02-09,Maharashtra,Solapur,Jalgaon,Potato,Local,1536.74,2596.52,1716.77
2025-07-05,Maharashtra,Aurangabad,Kolhapur,Soybean,Bold,1989.61,3544.49,2670.37
2025-10-07,Maharashtra,Satara,Sangli,Maize,Yellow,5127.91,5702.33,5484.17
2025-03-10,Maharashtra,Nashik,Ahmednagar,Rice,Basmati,963.31,1845.23,1305.55
2025-09-06,Maharashtra,Aurangabad,Sangli,Rice,Basmati,3028.9,3857.48,3289.54
2025-03-26,Maharashtra,Solapur,Sangli,Tomato,Hybrid,995.08,1658.48,1402.55
2025-06-17,Maharashtra,Jalgaon,Pune,Cotton,Long Staple,2621.13,3616.19,3078.77
2025-01-29,Maharashtra,Kolhapur,Pune,Wheat,Sharbati,1358.13,2326.27,1709.04
2025-02-06,Maharashtra,Satara,Pune,Tomato,Hybrid,1967.44,2666.9,2303.73
2025-01-20,Maharashtra,Sangli,Sangli,Wheat,Sharbati,2169.53,3042.33,2689.78
2025-05-26,Maharashtra,Pune,Nashik,Rice,Basmati,3414.21,4232.26,4084.07
2025-09-17,Maharashtra,Pune,Solapur,Tomato,Local,104.6,1596.75,731.29
2025-05-19,Maharashtra,Satara,Nashik,Onion,Red,4368.43,5282.49,4539.6
2025-09-12,Maharashtra,Jalgaon,Pune,Wheat,Sharbati,100.0,1007.56,300.0
2025-03-27,Maharashtra,Jalgaon,Jalgaon,Onion,Red,2788.96,3010.61,2893.18
2025-02-21,Maharashtra,Nashik,Solapur,Tomato,Hybrid,2092.59,3171.89,2572.45
2025-10-26,Maharashtra,Kolhapur,Jalgaon,Rice,Non-Basmati,1963.79,2586.9,2342.4
2025-05-22,Maharashtra,Kolhapur,Ahmednagar,Soybean,Bold,2148.86,3172.9,2543.53
2025-05-02,Maharashtra,Aurangabad,Solapur,Wheat,Lokwan,2673.38,3723.12,3126.19
2025-05-31,Maharashtra,Pune,Kolhapur,Potato,Jyoti,2508.46,3835.6,3054.06
2025-11-29,Maharashtra,Aurangabad,Nashik,Wheat,Sharbati,1746.89,2588.91,2284.56
2025-05-28,Maharashtra,Solapur,Sangli,Maize,Yellow,3217.23,3465.89,3343.92
2025-03-24,Maharashtra,Dhule,Kolhapur,Potato,Jyoti,1682.58,3055.77,2224.48
2025-05-29,Maharashtra,Satara,Lasalgaon,Potato,Local,2014.26,3439.05,2612.15
2025-06-19,Maharashtra,Kolhapur,Sangli,Onion,White,3748.44,4354.03,3889.34
2025-11-21,Maharashtra,Aurangabad,Sangli,Wheat,Lokwan,3630.23,4086.47,3924.0
2025-09-27,Maharashtra,Satara,Jalgaon,Wheat,Lokwan,3182.1,4255.71,3757.34
2025-08-16,Maharashtra,Jalgaon,Solapur,Soybean,Bold,874.11,1789.18,1269.97
2025-11-22,Maharashtra,Aurangabad,Pune,Onion,Red,2494.63,3768.94,3011.56
2025-01-05,Maharashtra,Aurangabad,Pune,Cotton,Medium Staple,2652.39,3727.46,3053.78
2025-06-01,Maharashtra,Jalgaon,Solapur,Sugarcane,Local,3934.2,4777.78,4621.13
2025-08-09,Maharashtra,Satara,Sangli,Rice,Non-Basmati,2789.71,4115.7,3451.43
2025-06-06,Maharashtra,Satara,Nashik,Maize,Yellow,1478.85,1956.13,1747.54
2025-09-15,Maharashtra,Jalgaon,Kolhapur,Soybean,Bold,1710.35,2213.45,2041.88
2025-01-06,Maharashtra,Aurangabad,Ahmednagar,Chickpea,Kabuli,100.0,718.89,300.0
2025-10-17,Maharashtra,Jalgaon,Jalgaon,Cotton,Medium Staple,2244.9,2569.31,2407.42
2025-07-23,Maharashtra,Ahmednagar,Lasalgaon,Chickpea,Kabuli,1714.43,2820.29,2056.88
2025-10-05,Maharashtra,Kolhapur,Kolhapur,Cotton,Long Staple,1305.48,2340.9,1870.39
2025-05-14,Maharashtra,Ahmednagar,Sangli,Soybean,Yellow,956.31,2134.05,1564.44
2025-11-19,Maharashtra,Solapur,Jalgaon,Onion,White,3712.82,4906.0,4344.5
2025-03-18,Maharashtra,Jalgaon,Sangli,Cotton,Medium Staple,191.26,1182.49,300.0
2025-12-12,Maharashtra,Aurangabad,Lasalgaon,Tomato,Local,404.07,1809.97,977.35
2025-04-26,Maharashtra,Dhule,Nashik,Soybean,Yellow,4962.45,6143.33,5364.03
2025-07-20,Maharashtra,Satara,Lasalgaon,Cotton,Long Staple,3457.2,4087.52,3680.9
2025-03-28,Maharashtra,Satara,Solapur,Cotton,Medium Staple,2467.82,3083.15,2867.07
2025-03-09,Maharashtra,Dhule,Lasalgaon,Maize,Yellow,1887.79,3067.84,2494.35
2025-04-11,Maharashtra,Pune,Lasalgaon,Rice,Non-Basmati,1437.24,2250.04,1797.79
2025-06-11,Maharashtra,Sangli,Sangli,Cotton,Medium Staple,274.0,1248.7,968.28
2025-11-09,Maharashtra,Kolhapur,Jalgaon,Onion,Red,2471.17,3119.33,2941.18
2025-03-12,Maharashtra,Ahmednagar,Sangli,Maize,Yellow,3065.76,3908.49,3459.61
2025-06-22,Maharashtra,Dhule,Pune,Cotton,Long Staple,1391.45,2289.08,1668.38
2025-06-18,Maharashtra,Ahmednagar,Lasalgaon,Chickpea,Desi,213.18,920.13,319.82
2025-04-13,Maharashtra,Solapur,Solapur,Soybean,Bold,2831.3,4016.76,3297.63
2025-08-16,Maharashtra,Aurangabad,Pune,Tomato,Local,2983.78,3903.53,3430.28
2025-05-13,Maharashtra,Aurangabad,Ahmednagar,Tomato,Local,3088.21,3855.61,3498.3
2025-03-01,Maharashtra,Satara,Lasalgaon,Onion,Red,1887.17,2840.76,2309.8
2025-05-25,Maharashtra,Satara,Sangli,Tomato,Local,100.0,1180.0,300.0
2025-07-30,Maharashtra,Pune,Kolhapur,Cotton,Medium Staple,739.7,1165.89,1029.82
2025-04-19,Maharashtra,Pune,Solapur,Tomato,Local,3612.88,4565.97,4043.04
2025-07-12,Maharashtra,Ahmednagar,Nashik,Rice,Non-Basmati,371.34,1242.72,879.31
2025-12-23,Maharashtra,Ahmednagar,Pune,Soybean,Bold,3114.05,3524.22,3339.94
2025-07-02,Maharashtra,Solapur,Sangli,Sugarcane,Local,619.62,1722.24,1274.51
2025-01-09,Maharashtra,Solapur,Nashik,Onion,Red,611.5,1766.71,1153.78
2025-05-12,Maharashtra,Solapur,Lasalgaon,Rice,Non-Basmati,4559.08,5213.59,4691.05
2025-03-15,Maharashtra,Aurangabad,Solapur,Wheat,Lokwan,4116.37,4858.78,4735.44
2025-04-06,Maharashtra,Aurangabad,Sangli,Maize,Yellow,2037.97,3259.18,2695.89
2025-05-09,Maharashtra,Ahmednagar,Sangli,Cotton,Long Staple,1342.25,2204.06,1918.45
2025-12-09,Maharashtra,Nashik,Solapur,Chickpea,Kabuli,3382.72,4111.64,3738.46
2025-08-10,Maharashtra,Jalgaon,Sangli,Chickpea,Kabuli,100.0,954.24,604.48
2025-05-08,Maharashtra,Pune,Kolhapur,Chickpea,Desi,3779.25,4740.72,3953.91
2025-12-13,Maharashtra,Ahmednagar,Sangli,Rice,Basmati,4502.64,5062.66,4924.6
2025-12-01,Maharashtra,Pune,Lasalgaon,Soybean,Yellow,2994.57,3575.2,3196.8
2025-01-07,Maharashtra,Satara,Pune,Chickpea,Kabuli,741.04,1520.5,1104.64
2025-08-13,Maharashtra,Satara,Nashik,Potato,Local,3673.07,4924.59,4329.52
2025-04-26,Maharashtra,Nashik,Ahmednagar,Rice,Basmati,2298.73,3606.46,2875.29
2025-04-13,Maharashtra,Solapur,Solapur,Rice,Basmati,1762.34,3013.73,2331.59
2025-08-14,Maharashtra,Aurangabad,Nashik,Wheat,Lokwan,1024.87,2039.28,1337.19
2025-02-22,Maharashtra,Sangli,Solapur,Sugarcane,Local,471.67,1386.14,1132.23
2025-01-03,Maharashtra,Satara,Ahmednagar,Soybean,Bold,3563.1,4713.45,3884.06
2025-11-14,Maharashtra,Sangli,Solapur,Wheat,Sharbati,2284.59,2839.9,2408.58
2025-02-01,Maharashtra,Ahmednagar,Sangli,Chickpea,Kabuli,1913.36,2504.93,2396.04
2025-09-15,Maharashtra,Ahmednagar,Kolhapur,Chickpea,Desi,2333.71,3285.77,2651.3
2025-03-21,Maharashtra,Ahmednagar,Ahmednagar,Soybean,Yellow,107.77,883.2,300.0
2025-05-04,Maharashtra,Satara,Kolhapur,Onion,White,1812.75,2674.32,2473.55
2025-12-03,Maharashtra,Solapur,Ahmednagar,Chickpea,Kabuli,2009.87,3360.11,2492.21
2025-11-05,Maharashtra,Solapur,Lasalgaon,Onion,Red,3629.87,4843.43,4294.18
2025-09-17,Maharashtra,Ahmednagar,Solapur,Cotton,Medium Staple,3043.36,3968.55,3493.14
2025-11-08,Maharashtra,Solapur,Ahmednagar,Maize,Yellow,904.58,1461.4,1042.9
2025-12-02,Maharashtra,Dhule,Nashik,Maize,White,1909.93,2295.77,2027.89
2025-07-29,Maharashtra,Ahmednagar,Pune,Cotton,Medium Staple,3115.2,4617.79,3755.54
2025-02-14,Maharashtra,Aurangabad,Nashik,Tomato,Hybrid,813.51,1598.47,936.74
2025-11-05,Maharashtra,Ahmednagar,Ahmednagar,Sugarcane,Local,4066.1,5089.29,4535.2
2025-11-25,Maharashtra,Satara,Lasalgaon,Chickpea,Kabuli,2172.58,3056.32,2451.36
2025-09-29,Maharashtra,Nashik,Kolhapur,Maize,Yellow,2630.86,3915.79,3143.46
2025-08-15,Maharashtra,Aurangabad,Pune,Cotton,Medium Staple,1698.89,2578.3,1969.73
2025-12-15,Maharashtra,Satara,Jalgaon,Rice,Non-Basmati,1830.91,2144.91,1953.24
2025-04-23,Maharashtra,Jalgaon,Sangli,Rice,Basmati,855.29,2051.63,1393.8
2025-01-30,Maharashtra,Ahmednagar,Jalgaon,Chickpea,Desi,4057.63,4896.07,4344.17
2025-10-03,Maharashtra,Pune,Jalgaon,Chickpea,Desi,2779.65,4083.2,3210.13
2025-12-28,Maharashtra,Ahmednagar,Nashik,Wheat,Sharbati,775.96,2027.26,1340.28
2025-08-02,Maharashtra,Ahmednagar,Nashik,Wheat,Sharbati,2824.96,3721.85,3346.65
2025-03-28,Maharashtra,Pune,Ahmednagar,Cotton,Medium Staple,3319.43,3836.89,3628.57
2025-10-19,Maharashtra,Solapur,Kolhapur,Wheat,Lokwan,3249.06,4283.58,3797.76
2025-01-22,Maharashtra,Dhule,Kolhapur,Potato,Local,2182.3,3481.2,2837.71
2025-01-21,Maharashtra,Kolhapur,Kolhapur,Wheat,Sharbati,2239.21,2947.01,2705.19
2025-06-25,Maharashtra,Aurangabad,Kolhapur,Potato,Local,860.16,2001.82,1382.27
2025-09-18,Maharashtra,Jalgaon,Solapur,Soybean,Bold,3478.43,4858.46,4097.98
2025-06-17,Maharashtra,Dhule,Solapur,Wheat,Lokwan,2693.86,3525.68,3300.04
2025-08-09,Maharashtra,Kolhapur,Pune,Potato,Jyoti,3375.72,4351.31,3686.69
2025-03-23,Maharashtra,Satara,Sangli,Sugarcane,Local,100.0,454.61,300.0
2025-03-20,Maharashtra,Ahmednagar,Solapur,Cotton,Long Staple,3530.75,3754.25,3647.89
2025-10-28,Maharashtra,Aurangabad,Kolhapur,Potato,Local,1838.06,2656.19,2530.09
2025-06-08,Maharashtra,Solapur,Ahmednagar,Soybean,Bold,3245.56,4098.36,3493.16
2025-05-23,Maharashtra,Dhule,Nashik,Tomato,Hybrid,698.2,1941.16,1062.47
2025-11-10,Maharashtra,Pune,Pune,Rice,Non-Basmati,4045.59,5392.9,4675.8
2025-02-14,Maharashtra,Satara,Solapur,Onion,Red,1471.01,2021.14,1717.61
2025-08-24,Maharashtra,Nashik,Solapur,Onion,White,3647.28,4039.5,3882.15
2025-06-19,Maharashtra,Kolhapur,Lasalgaon,Tomato,Local,1768.49,2847.68,2254.36
2025-08-13,Maharashtra,Solapur,Pune,Onion,White,4197.08,4822.94,4720.35
2025-10-21,Maharashtra,Nashik,Pune,Potato,Jyoti,2752.78,3591.33,2857.26
2025-11-03,Maharashtra,Sangli,Ahmednagar,Soybean,Yellow,4391.42,5056.18,4761.69
2025-10-07,Maharashtra,Sangli,Sangli,Sugarcane,Local,2022.51,2755.35,2415.98
2025-04-01,Maharashtra,Satara,Solapur,Sugarcane,Local,901.47,1539.76,1164.58
2025-05-27,Maharashtra,Dhule,Pune,Sugarcane,Local,2427.68,3566.19,2855.35
2025-10-08,Maharashtra,Solapur,Ahmednagar,Wheat,Sharbati,2147.38,2652.72,2340.13
2025-03-11,Maharashtra,Kolhapur,Sangli,Sugarcane,Local,1480.91,2102.65,1775.08
2025-02-18,Maharashtra,Solapur,Solapur,Wheat,Sharbati,3463.84,4524.57,3991.78
2025-01-17,Maharashtra,Pune,Jalgaon,Sugarcane,Local,252.01,1346.69,876.28
2025-05-29,Maharashtra,Dhule,Nashik,Potato,Jyoti,4340.26,5658.34,4793.88
2025-02-12,Maharashtra,Sangli,Lasalgaon,Sugarcane,Local,2133.07,2588.7,
2025-07-31,Maharashtra,Aurangabad,Sangli,Onion,White,358.25,1039.01,865.49
2025-07-23,Maharashtra,Solapur,Lasalgaon,Onion,White,2329.23,3500.57,2967.79
2025-07-24,Maharashtra,Pune,Nashik,Sugarcane,Local,2316.73,2966.93,2719.32
2025-12-04,Maharashtra,Kolhapur,Pune,Rice,Basmati,1919.24,2746.35,2315.45
2025-03-04,Maharashtra,Sangli,Solapur,Soybean,Yellow,1049.31,1993.92,1744.16
2025-01-24,Maharashtra,Jalgaon,Jalgaon,Potato,Local,3595.11,4881.67,4076.89
2025-02-02,Maharashtra,Kolhapur,Pune,Onion,White,2563.65,3509.22,3147.27
2025-07-28,Maharashtra,Jalgaon,Lasalgaon,Soybean,Yellow,1429.29,2637.08,1917.18
2025-09-30,Maharashtra,Aurangabad,Kolhapur,Onion,Red,2745.33,3836.76,2977.88
2025-06-25,Maharashtra,Aurangabad,Jalgaon,Rice,Non-Basmati,1293.56,2416.45,1564.01
2025-02-13,Maharashtra,Sangli,Pune,Cotton,Medium Staple,3174.82,4194.09,3674.25
2025-06-02,Maharashtra,Satara,Pune,Soybean,Bold,4642.46,5902.71,5016.1
2025-12-29,Maharashtra,Dhule,Sangli,Sugarcane,Local,3485.91,4453.27,3828.52
2025-12-21,Maharashtra,Aurangabad,Jalgaon,Rice,Basmati,1593.86,1910.12,1707.33
2025-07-07,Maharashtra,Satara,Ahmednagar,Onion,Red,714.69,2156.01,1345.31
2025-10-12,Maharashtra,Solapur,Sangli,Onion,Red,1987.93,3093.58,2618.62
2025-01-12,Maharashtra,Pune,Nashik,Sugarcane,Local,192.12,790.85,568.7
2025-12-22,Maharashtra,Satara,Sangli,Wheat,Lokwan,3077.5,4331.08,3597.94
2025-05-17,Maharashtra,Jalgaon,Sangli,Maize,White,3092.18,3898.4,3298.88
2025-03-27,Maharashtra,Dhule,Sangli,Chickpea,Desi,1913.6,3121.58,2315.88
2025-02-22,Maharashtra,Ahmednagar,Kolhapur,Maize,White,1788.62,2913.8,
2025-03-02,Maharashtra,Sangli,Jalgaon,Cotton,Long Staple,1873.35,2723.4,2367.32
2025-04-23,Maharashtra,Satara,Kolhapur,Maize,Yellow,3992.37,4679.21,4374.15
2025-10-31,Maharashtra,Kolhapur,Sangli,Wheat,Sharbati,1614.21,2700.33,2013.27
2025-04-18,Maharashtra,Pune,Ahmednagar,Chickpea,Kabuli,787.42,1623.5,1064.85
2025-12-01,Maharashtra,Satara,Jalgaon,Potato,Jyoti,1432.81,1717.77,1561.87
2025-10-30,Maharashtra,Pune,Nashik,Potato,Jyoti,3037.06,3932.59,3687.28
2025-03-08,Maharashtra,Dhule,Sangli,Onion,Red,1239.73,1568.16,1347.07
2025-11-16,Maharashtra,Kolhapur,Sangli,Tomato,Local,3669.51,4510.14,3938.3
2025-05-02,Maharashtra,Pune,Lasalgaon,Wheat,Sharbati,1889.6,2426.77,2258.16
2025-09-11,Maharashtra,Solapur,Sangli,Sugarcane,Local,100.0,613.9,347.74
2025-10-27,Maharashtra,Kolhapur,Nashik,Wheat,Lokwan,2967.27,3934.72,3398.42
2025-01-05,Maharashtra,Jalgaon,Ahmednagar,Chickpea,Kabuli,1797.41,2380.82,2174.37
2025-12-16,Maharashtra,Ahmednagar,Nashik,Onion,White,2692.58,3244.48,2945.87
2025-08-23,Maharashtra,Aurangabad,Pune,Cotton,Long Staple,1599.32,2577.57,1752.14
2025-12-01,Maharashtra,Aurangabad,Sangli,Sugarcane,Local,3794.6,4634.81,3977.12
2025-02-08,Maharashtra,Dhule,Solapur,Cotton,Long Staple,2643.0,3380.3,3034.79
2025-07-19,Maharashtra,Jalgaon,Pune,Chickpea,Desi,4492.1,5901.55,5099.67
2025-06-19,Maharashtra,Dhule,Nashik,Tomato,Hybrid,3192.27,3652.88,3352.65
2025-12-24,Maharashtra,Solapur,Kolhapur,Soybean,Yellow,1714.35,2791.94,2220.67
2025-12-14,Maharashtra,Solapur,Pune,Wheat,Sharbati,887.34,1857.39,1462.6
2025-01-21,Maharashtra,Kolhapur,Solapur,Chickpea,Desi,533.25,1501.03,799.31
2025-06-24,Maharashtra,Solapur,Lasalgaon,Rice,Basmati,1844.55,2742.76,2345.49
2025-03-15,Maharashtra,Aurangabad,Solapur,Sugarcane,Local,1880.19,2691.27,2392.18
2025-10-11,Maharashtra,Aurangabad,Kolhapur,Sugarcane,Local,3884.51,4995.34,4409.18
2025-05-29,Maharashtra,Kolhapur,Ahmednagar,Maize,White,1372.07,2702.83,2006.56
2025-04-23,Maharashtra,Jalgaon,Ahmednagar,Tomato,Local,3378.52,4246.73,3717.64
2025-10-11,Maharashtra,Jalgaon,Kolhapur,Wheat,Sharbati,2125.69,3044.93,2371.9
2025-03-27,Maharashtra,Jalgaon,Pune,Potato,Jyoti,4343.91,5207.83,4770.21
2025-04-12,Maharashtra,Aurangabad,Sangli,Chickpea,Kabuli,483.29,1357.17,620.82
2025-01-19,Maharashtra,Aurangabad,Lasalgaon,Soybean,Yellow,3822.11,4690.48,4122.46
2025-03-04,Maharashtra,Satara,Ahmednagar,Sugarcane,Local,1271.26,2158.19,1901.19
2025-04-26,Maharashtra,Nashik,Solapur,Chickpea,Kabuli,3150.64,4382.48,3569.88
2025-06-29,Maharashtra,Dhule,Sangli,Chickpea,Kabuli,4024.12,5155.58,4386.12
2025-02-07,Maharashtra,Satara,Solapur,Maize,White,1819.14,2949.68,2078.55
2025-10-29,Maharashtra,Kolhapur,Nashik,Maize,Yellow,934.26,1739.7,1184.49
2025-04-02,Maharashtra,Pune,Sangli,Wheat,Sharbati,826.3,1708.86,1068.27
2025-06-22,Maharashtra,Ahmednagar,Nashik,Chickpea,Desi,877.72,2266.12,1475.26
2025-07-24,Maharashtra,Satara,Kolhapur,Onion,Red,100.0,442.07,300.0
2025-01-09,Maharashtra,Ahmednagar,Lasalgaon,Soybean,Bold,1806.01,3056.66,2226.89
2025-01-09,Maharashtra,Sangli,Lasalgaon,Cotton,Medium Staple,3131.84,3596.67,3279.74
2025-01-21,Maharashtra,Solapur,Lasalgaon,Potato,Jyoti,2244.56,2940.82,2795.18
2025-01-24,Maharashtra,Sangli,Jalgaon,Onion,Red,1420.11,2336.43,2046.34
2025-04-05,Maharashtra,Dhule,Lasalgaon,Potato,Jyoti,777.02,2004.85,1435.76
2025-07-11,Maharashtra,Solapur,Nashik,Soybean,Bold,1337.6,1953.14,1814.86
2025-12-15,Maharashtra,Jalgaon,Nashik,Onion,White,2436.32,2941.06,2840.45
2025-10-23,Maharashtra,Ahmednagar,Ahmednagar,Tomato,Hybrid,3017.99,4101.8,3490.31
2025-06-29,Maharashtra,Kolhapur,Pune,Tomato,Hybrid,597.82,1168.3,705.59
2025-05-11,Maharashtra,Kolhapur,Pune,Sugarcane,Local,2195.6,3464.32,2688.85
2025-01-21,Maharashtra,Nashik,Kolhapur,Onion,Red,2292.29,3124.11,2818.08
2025-01-08,Maharashtra,Ahmednagar,Nashik,Soybean,Yellow,834.61,1692.39,1367.83
2025-07-20,Maharashtra,Aurangabad,Lasalgaon,Chickpea,Kabuli,2718.48,3318.36,3156.33
2025-01-14,Maharashtra,Nashik,Pune,Tomato,Hybrid,3100.12,4150.96,3620.15
2025-11-28,Maharashtra,Dhule,Sangli,Onion,Red,1332.61,2208.63,1815.91
2025-02-05,Maharashtra,Aurangabad,Nashik,Soybean,Yellow,1290.77,1831.85,1460.09
2025-06-13,Maharashtra,Sangli,Sangli,Rice,Basmati,4447.6,5552.73,5086.62
2025-02-14,Maharashtra,Solapur,Lasalgaon,Rice,Basmati,2986.94,4240.33,3460.58
2025-05-24,Maharashtra,Ahmednagar,Ahmednagar,Rice,Basmati,2179.06,2899.89,2715.73
2025-01-11,Maharashtra,Kolhapur,Nashik,Sugarcane,Local,1385.16,2209.77,1690.89
2025-11-19,Maharashtra,Dhule,Kolhapur,Onion,Red,921.15,1829.84,1572.7
2025-12-20,Maharashtra,Dhule,Pune,Potato,Local,2786.16,3457.64,3187.73
2025-12-12,Maharashtra,Nashik,Ahmednagar,Soybean,Yellow,1005.57,1818.36,1512.97
2025-07-31,Maharashtra,Kolhapur,Jalgaon,Chickpea,Kabuli,789.76,1928.59,1461.07
2025-04-23,Maharashtra,Sangli,Pune,Soybean,Bold,1688.42,2833.59,2338.07
2025-12-12,Maharashtra,Pune,Sangli,Rice,Non-Basmati,2779.05,4063.14,3265.93
2025-12-11,Maharashtra,Dhule,Jalgaon,Sugarcane,Local,4417.33,5430.47,4616.78
2025-01-11,Maharashtra,Pune,Nashik,Rice,Basmati,2118.15,3357.82,2788.49
2025-12-02,Maharashtra,Satara,Ahmednagar,Chickpea,Kabuli,823.63,1839.23,1514.11
2025-12-06,Maharashtra,Sangli,Lasalgaon,Rice,Non-Basmati,2016.68,2933.47,2178.72
2025-12-28,Maharashtra,Satara,Solapur,Maize,White,3694.77,4799.25,4064.95
2025-06-15,Maharashtra,Aurangabad,Solapur,Cotton,Long Staple,3514.83,4682.14,3943.78
2025-09-15,Maharashtra,Dhule,Kolhapur,Cotton,Long Staple,3841.24,4109.58,3996.49
2025-02-23,Maharashtra,Jalgaon,Jalgaon,Chickpea,Kabuli,3502.6,4419.5,3716.41
2025-04-03,Maharashtra,Ahmednagar,Ahmednagar,Cotton,Long Staple,4374.3,5579.1,4796.92
2025-09-20,Maharashtra,Ahmednagar,Lasalgaon,Chickpea,Desi,2071.05,3332.93,2748.91
2025-10-23,Maharashtra,Kolhapur,Pune,Tomato,Hybrid,3285.35,4103.03,3402.03
2025-02-14,Maharashtra,Ahmednagar,Solapur,Chickpea,Desi,884.62,2253.02,1532.09
2025-08-05,Maharashtra,Aurangabad,Lasalgaon,Cotton,Long Staple,2140.4,3284.83,2779.56
2025-07-08,Maharashtra,Sangli,Ahmednagar,Soybean,Yellow,2212.84,3578.04,2827.14
2025-04-17,Maharashtra,Aurangabad,Kolhapur,Sugarcane,Local,3119.85,4180.22,3446.38
2025-10-17,Maharashtra,Solapur,Ahmednagar,Tomato,Hybrid,1355.47,2582.84,1749.96
2025-01-08,Maharashtra,Jalgaon,Ahmednagar,Soybean,Bold,279.63,1458.89,621.79
2025-02-01,Maharashtra,Dhule,Sangli,Rice,Non-Basmati,1134.51,2326.84,1803.07
2025-06-17,Maharashtra,Jalgaon,Kolhapur,Maize,White,3361.36,3899.37,3774.17
2025-11-27,Maharashtra,Satara,Pune,Sugarcane,Local,2096.95,2360.6,2245.32
2025-02-06,Maharashtra,Pune,Kolhapur,Onion,White,2798.85,3914.43,3063.29
2025-08-19,Maharashtra,Dhule,Lasalgaon,Chickpea,Desi,1404.51,2151.62,1781.73
2025-07-02,Maharashtra,Nashik,Kolhapur,Onion,Red,3076.69,4150.85,3748.83
2025-10-19,Maharashtra,Sangli,Ahmednagar,Potato,Jyoti,1931.7,2848.99,2373.07
2025-09-03,Maharashtra,Pune,Sangli,Cotton,Long Staple,1838.58,2668.87,2356.23
2025-01-10,Maharashtra,Kolhapur,Nashik,Tomato,Local,3939.92,4665.37,4093.03
2025-03-11,Maharashtra,Sangli,Kolhapur,Cotton,Medium Staple,3765.43,5119.52,4391.83
2025-08-25,Maharashtra,Aurangabad,Solapur,Rice,Non-Basmati,3693.37,4422.65,4116.78
2025-04-28,Maharashtra,Ahmednagar,Jalgaon,Tomato,Hybrid,1453.78,2800.96,2106.51
2025-08-05,Maharashtra,Kolhapur,Solapur,Potato,Jyoti,1418.95,2423.85,
2025-07-10,Maharashtra,Ahmednagar,Solapur,Chickpea,Desi,896.07,1926.39,1405.92
2025-12-17,Maharashtra,Satara,Jalgaon,Cotton,Medium Staple,330.86,1073.72,713.36
2025-08-27,Maharashtra,Solapur,Lasalgaon,Sugarcane,Local,1195.04,2178.79,1380.57
2025-11-24,Maharashtra,Aurangabad,Nashik,Sugarcane,Local,1218.33,1903.8,1481.56
2025-11-13,Maharashtra,Pune,Lasalgaon,Rice,Non-Basmati,845.44,1385.53,
2025-07-25,Maharashtra,Jalgaon,Ahmednagar,Tomato,Local,315.21,1292.46,679.37
2025-08-10,Maharashtra,Satara,Lasalgaon,Sugarcane,Local,446.02,1771.89,935.63
2025-05-26,Maharashtra,Sangli,Nashik,Soybean,Bold,2192.55,2945.19,2438.78
2025-07-08,Maharashtra,Sangli,Ahmednagar,Rice,Basmati,2634.55,3706.94,3028.79
2025-08-26,Maharashtra,Dhule,Ahmednagar,Potato,Local,2547.36,3388.25,2922.74
2025-10-19,Maharashtra,Sangli,Kolhapur,Wheat,Sharbati,1453.96,2149.06,1874.01
2025-08-11,Maharashtra,Dhule,Kolhapur,Maize,White,1870.76,2280.67,2081.51
2025-09-03,Maharashtra,Dhule,Sangli,Cotton,Medium Staple,2520.34,3149.79,2940.73
2025-09-04,Maharashtra,Nashik,Ahmednagar,Maize,White,2412.43,2848.01,2730.95
2025-02-07,Maharashtra,Solapur,Kolhapur,Soybean,Bold,2902.49,3716.44,3174.12
2025-07-26,Maharashtra,Jalgaon,Pune,Wheat,Lokwan,893.55,1550.03,1345.14
2025-07-06,Maharashtra,Pune,Kolhapur,Soybean,Yellow,4391.87,5373.25,4580.69
2025-12-26,Maharashtra,Solapur,Solapur,Cotton,Medium Staple,2617.31,4144.03,3257.71
2025-04-02,Maharashtra,Solapur,Kolhapur,Wheat,Lokwan,2730.44,3888.05,3391.35
2025-01-06,Maharashtra,Nashik,Nashik,Potato,Local,730.55,1686.65,1226.91
2025-05-13,Maharashtra,Aurangabad,Sangli,Rice,Non-Basmati,917.23,1577.58,1199.12
2025-04-02,Maharashtra,Aurangabad,Ahmednagar,Tomato,Hybrid,1187.59,2273.61,1663.19
2025-01-01,Maharashtra,Kolhapur,Nashik,Wheat,Lokwan,2923.46,3970.79,3384.37
2025-09-27,Maharashtra,Nashik,Jalgaon,Potato,Jyoti,776.7,1486.15,1111.45
2025-03-24,Maharashtra,Sangli,Pune,Cotton,Long Staple,2763.46,3410.34,3035.81
2025-10-14,Maharashtra,Dhule,Nashik,Chickpea,Desi,4049.26,4866.18,4250.33
2025-06-28,Maharashtra,Solapur,Jalgaon,Soybean,Yellow,1421.15,2195.22,1651.58
2025-12-01,Maharashtra,Sangli,Nashik,Potato,Local,884.4,2051.07,1376.22
2025-05-27,Maharashtra,Aurangabad,Sangli,Maize,Yellow,991.16,2475.81,1622.7
2025-04-12,Maharashtra,Ahmednagar,Jalgaon,Rice,Non-Basmati,1972.08,3026.72,2303.05
2025-10-15,Maharashtra,Sangli,Solapur,Cotton,Long Staple,3467.11,3983.72,3640.25
2025-11-09,Maharashtra,Ahmednagar,Solapur,Cotton,Medium Staple,3606.21,4421.19,3713.89
2025-01-31,Maharashtra,Solapur,Sangli,Wheat,Sharbati,3114.93,3918.49,3458.47
2025-11-10,Maharashtra,Ahmednagar,Sangli,Chickpea,Kabuli,100.0,1022.13,300.0
2025-06-03,Maharashtra,Sangli,Lasalgaon,Onion,Red,1981.56,3084.35,2275.09
2025-02-17,Maharashtra,Pune,Jalgaon,Cotton,Long Staple,1196.32,1741.27,1441.32
2025-02-10,Maharashtra,Jalgaon,Lasalgaon,Rice,Basmati,2486.68,3276.09,2985.17
2025-06-02,Maharashtra,Ahmednagar,Pune,Potato,Jyoti,3096.94,4026.15,3580.05
2025-07-01,Maharashtra,Aurangabad,Jalgaon,Soybean,Yellow,1253.65,2042.26,1901.03
2025-08-20,Maharashtra,Nashik,Lasalgaon,Soybean,Yellow,4285.71,5454.11,4805.56
2025-05-01,Maharashtra,Sangli,Lasalgaon,Onion,Red,1213.7,2112.43,1412.67
2025-07-04,Maharashtra,Solapur,Nashik,Chickpea,Kabuli,2587.43,3514.73,3138.39
2025-11-13,Maharashtra,Pune,Nashik,Wheat,Sharbati,4864.59,5545.58,5073.35
2025-04-30,Maharashtra,Dhule,Jalgaon,Rice,Non-Basmati,3166.53,4173.98,3601.69
2025-12-18,Maharashtra,Jalgaon,Sangli,Wheat,Lokwan,3067.13,3372.26,3213.38
2025-08-14,Maharashtra,Satara,Ahmednagar,Sugarcane,Local,2167.11,2964.54,2295.5
2025-04-22,Maharashtra,Dhule,Kolhapur,Cotton,Long Staple,2855.23,3755.13,3233.77
2025-07-14,Maharashtra,Pune,Solapur,Potato,Jyoti,1674.51,2436.91,1837.5
2025-10-24,Maharashtra,Satara,Pune,Wheat,Lokwan,3569.58,4532.64,3853.58
2025-01-26,Maharashtra,Nashik,Kolhapur,Maize,Yellow,1327.71,2271.46,1631.01
2025-07-13,Maharashtra,Aurangabad,Lasalgaon,Tomato,Hybrid,1640.25,2378.17,2201.91
2025-01-19,Maharashtra,Ahmednagar,Nashik,Soybean,Bold,1193.09,2218.78,1492.7
2025-12-09,Maharashtra,Kolhapur,Solapur,Maize,Yellow,1691.24,2675.86,2087.82
2025-01-25,Maharashtra,Nashik,Jalgaon,Cotton,Medium Staple,1386.89,2622.35,1950.44
2025-02-16,Maharashtra,Satara,Kolhapur,Cotton,Long Staple,100.0,609.2,300.0
2025-07-18,Maharashtra,Kolhapur,Lasalgaon,Cotton,Long Staple,1957.12,2817.2,2540.06
2025-09-21,Maharashtra,Ahmednagar,Ahmednagar,Soybean,Bold,1319.99,2679.94,1919.07
2025-01-03,Maharashtra,Dhule,Solapur,Chickpea,Desi,235.28,1340.9,928.59
2025-08-27,Maharashtra,Dhule,Nashik,Cotton,Medium Staple,1312.15,2238.85,1678.57
2025-10-16,Maharashtra,Sangli,Sangli,Maize,White,2611.56,3475.22,2933.95
2025-01-22,Maharashtra,Pune,Ahmednagar,Tomato,Hybrid,100.0,939.4,371.26
2025-12-21,Maharashtra,Pune,Ahmednagar,Sugarcane,Local,2172.29,2462.79,2307.18
2025-12-20,Maharashtra,Sangli,Kolhapur,Cotton,Medium Staple,3750.84,4216.67,3874.69
2025-01-30,Maharashtra,Solapur,Kolhapur,Soybean,Bold,1680.09,2134.27,1981.09
2025-02-16,Maharashtra,Solapur,Lasalgaon,Chickpea,Kabuli,3717.2,4739.03,4254.9
2025-11-11,Maharashtra,Sangli,Lasalgaon,Cotton,Medium Staple,3621.11,4612.66,3790.98
2025-09-27,Maharashtra,Nashik,Pune,Cotton,Long Staple,2455.51,3348.18,2936.84
2025-08-19,Maharashtra,Jalgaon,Jalgaon,Sugarcane,Local,508.62,1506.72,1191.11
2025-05-30,Maharashtra,Satara,Jalgaon,Maize,Yellow,3286.27,4311.49,3690.15
2025-08-09,Maharashtra,Jalgaon,Nashik,Sugarcane,Local,2484.2,3375.0,2909.42
2025-09-18,Maharashtra,Dhule,Pune,Wheat,Lokwan,3048.38,3741.15,3549.03
2025-09-23,Maharashtra,Sangli,Ahmednagar,Tomato,Hybrid,3683.5,4305.61,4007.79
2025-04-24,Maharashtra,Dhule,Jalgaon,Chickpea,Desi,1527.84,2300.84,2025.07
2025-06-14,Maharashtra,Pune,Pune,Rice,Non-Basmati,1557.78,2198.02,1966.35
2025-02-25,Maharashtra,Dhule,Ahmednagar,Wheat,Lokwan,3766.86,4362.8,3888.12
2025-12-08,Maharashtra,Nashik,Kolhapur,Maize,White,964.89,2440.26,1576.53
2025-12-22,Maharashtra,Ahmednagar,Kolhapur,Onion,White,1717.77,3008.51,2382.04
2025-09-07,Maharashtra,Kolhapur,Lasalgaon,Onion,White,1799.4,2683.94,1915.13
2025-08-31,Maharashtra,Solapur,Kolhapur,Potato,Jyoti,737.55,2195.97,1311.11
2025-01-02,Maharashtra,Kolhapur,Nashik,Tomato,Local,2766.03,3630.01,3097.52
2025-05-23,Maharashtra,Nashik,Sangli,Rice,Non-Basmati,1727.57,2469.4,2178.95
2025-06-18,Maharashtra,Kolhapur,Ahmednagar,Soybean,Yellow,987.06,2229.31,1387.06
2025-03-04,Maharashtra,Ahmednagar,Pune,Cotton,Medium Staple,3179.44,4269.41,3610.23
2025-06-03,Maharashtra,Pune,Jalgaon,Wheat,Sharbati,513.52,1777.79,910.63
2025-12-16,Maharashtra,Jalgaon,Jalgaon,Sugarcane,Local,1710.67,2943.52,2322.7
2025-09-12,Maharashtra,Pune,Kolhapur,Sugarcane,Local,3058.29,4288.51,3568.39
2025-03-07,Maharashtra,Ahmednagar,Sangli,Wheat,Sharbati,3250.46,4410.55,3598.04
