sample_date,state,district,soil_type,ph,organic_carbon_pct,nitrogen_kg_ha,phosphorus_kg_ha,potassium_kg_ha,moisture_pct
2025-12-16,Maharashtra,Jalgaon,Alluvial,,0.71,252.0,37.59,320.11,33.26
2025-01-18,Maharashtra,Ahmednagar,Red,7.07,0.49,238.08,19.68,361.22,42.76
2024-01-17,Maharashtra,Aurangabad,Loamy,7.37,0.91,227.28,43.67,195.16,35.68
2025-08-16,Maharashtra,Solapur,Alluvial,7.5,0.54,290.5,30.03,144.49,36.98
2024-01-14,Maharashtra,Solapur,Alluvial,7.98,0.62,325.45,26.48,256.25,27.64
2024-03-21,Maharashtra,Solapur,Black,6.57,0.65,292.19,16.14,227.03,46.81
2024-07-25,Maharashtra,Ahmednagar,Red,5.85,0.56,250.36,11.54,338.58,57.86
2024-07-22,Maharashtra,Sangli,Red,7.05,0.71,247.42,27.23,152.55,27.83
2025-01-13,Maharashtra,Jalgaon,Alluvial,8.12,0.94,334.95,21.28,362.04,21.24
2025-06-27,Maharashtra,Dhule,Black,6.47,0.36,297.08,8.61,395.36,38.24
2024-01-23,Maharashtra,Aurangabad,Alluvial,7.28,0.77,265.82,6.83,260.03,37.66
2025-09-05,Maharashtra,Pune,Alluvial,,0.69,257.13,12.41,266.07,52.05
2024-06-10,Maharashtra,Jalgaon,Red,6.93,0.69,287.62,40.21,183.25,23.25
2025-09-01,Maharashtra,Aurangabad,Black,6.8,0.87,222.53,44.13,205.73,31.54
2024-05-23,Maharashtra,Pune,Alluvial,6.15,0.66,325.72,24.05,219.17,12.23
2024-04-13,Maharashtra,Kolhapur,Red,5.2,0.77,173.93,23.49,404.29,54.5
2025-01-16,Maharashtra,Sangli,Alluvial,6.02,0.83,227.08,18.64,252.81,41.01
2025-03-30,Maharashtra,Kolhapur,Alluvial,6.53,0.52,308.89,12.66,127.78,32.44
2025-02-20,Maharashtra,Sangli,Black,7.57,0.72,169.37,35.75,285.54,22.13
2024-11-19,Maharashtra,Satara,Black,6.73,0.59,134.16,40.74,342.63,23.23
2024-06-19,Maharashtra,Dhule,Black,6.44,0.62,265.05,13.07,257.46,42.97
2025-07-29,Maharashtra,Nashik,Alluvial,6.18,0.57,,21.17,406.92,24.71
2025-08-05,Maharashtra,Nashik,Loamy,7.26,0.77,156.1,17.5,337.75,39.25
2024-09-30,Maharashtra,Sangli,Black,7.75,0.67,320.53,17.8,155.09,62.52
2025-03-27,Maharashtra,Nashik,Loamy,7.54,0.75,243.62,33.86,204.86,33.83
2024-05-04,Maharashtra,Ahmednagar,Loamy,7.22,0.65,362.84,8.88,282.62,26.46
2025-01-17,Maharashtra,Aurangabad,Loamy,5.77,0.25,163.61,26.66,93.38,42.58
2024-11-12,Maharashtra,Jalgaon,Red,6.55,0.66,252.48,29.28,293.64,23.29
2024-04-16,Maharashtra,Kolhapur,Alluvial,8.16,0.67,291.97,20.58,83.84,58.64
2025-10-21,Maharashtra,Satara,Black,7.59,0.71,166.36,30.93,362.34,54.84
2025-04-07,Maharashtra,Dhule,Alluvial,5.72,0.5,342.54,23.48,350.73,36.03
2025-03-05,Maharashtra,Dhule,Alluvial,6.76,0.35,300.85,34.17,310.48,27.23
2025-12-04,Maharashtra,Satara,Red,7.05,0.81,131.26,6.78,192.41,32.89
2024-12-02,Maharashtra,Solapur,Red,6.27,0.58,256.98,18.51,277.02,34.45
2025-05-10,Maharashtra,Solapur,Red,5.18,0.69,290.88,21.28,208.66,42.6
2024-12-27,Maharashtra,Solapur,Alluvial,6.87,0.58,212.8,5.0,156.92,50.48
2025-03-07,Maharashtra,Satara,Loamy,6.25,0.65,141.61,11.14,226.13,25.56
2025-11-05,Maharashtra,Nashik,Alluvial,6.25,0.54,282.28,13.86,329.83,50.13
2025-06-03,Maharashtra,Pune,Red,6.55,0.41,436.9,31.48,264.38,45.41
2025-02-09,Maharashtra,Satara,Alluvial,6.71,0.77,229.04,14.93,405.07,31.91
2025-01-11,Maharashtra,Nashik,Red,6.79,0.5,385.54,13.82,336.58,24.96
2024-05-31,Maharashtra,Jalgaon,Red,6.18,0.69,199.82,30.17,325.87,39.39
2024-11-17,Maharashtra,Satara,Black,6.65,0.75,277.24,5.82,99.11,25.28
2025-08-29,Maharashtra,Kolhapur,Loamy,5.57,0.5,321.72,5.0,231.48,50.28
2024-08-01,Maharashtra,Nashik,Red,7.02,0.35,259.33,18.38,153.56,24.51
2025-07-29,Maharashtra,Dhule,Black,5.0,1.26,236.18,7.52,241.7,44.57
2024-03-05,Maharashtra,Sangli,Loamy,6.6,0.52,318.09,7.9,190.67,37.03
2024-09-26,Maharashtra,Sangli,Red,7.44,0.81,411.32,27.73,222.24,31.27
2025-06-20,Maharashtra,Satara,Loamy,6.06,1.13,284.05,30.76,366.12,36.77
2024-04-09,Maharashtra,Kolhapur,Loamy,7.3,0.85,218.72,29.89,307.52,50.96
2024-04-14,Maharashtra,Kolhapur,Alluvial,7.61,0.57,244.82,33.09,360.71,23.69
2024-05-10,Maharashtra,Sangli,Black,5.0,0.63,461.58,34.41,99.93,33.05
2025-01-23,Maharashtra,Nashik,Loamy,6.69,0.44,270.79,5.0,265.8,28.98
2024-11-16,Maharashtra,Jalgaon,Alluvial,5.0,0.87,212.45,26.5,356.67,37.54
2025-03-13,Maharashtra,Satara,Loamy,6.72,0.79,168.39,16.7,410.63,29.78
2024-01-19,Maharashtra,Jalgaon,Alluvial,6.79,0.52,113.93,14.53,105.19,16.78
2024-08-12,Maharashtra,Solapur,Red,5.06,0.39,289.09,27.6,224.85,25.34
2025-09-09,Maharashtra,Pune,Red,8.15,0.32,312.37,5.0,363.42,57.65
2025-07-19,Maharashtra,Ahmednagar,Alluvial,7.0,0.9,228.26,5.0,240.77,40.96
2025-04-04,Maharashtra,Solapur,Red,6.21,0.68,258.8,28.34,168.96,40.55
2025-01-28,Maharashtra,Aurangabad,Red,7.83,0.7,166.36,26.88,105.0,34.61
2024-08-13,Maharashtra,Dhule,Red,5.54,0.44,270.63,23.37,165.13,37.38
2024-12-25,Maharashtra,Ahmednagar,Loamy,5.94,0.28,298.52,13.2,91.11,32.84
2025-03-05,Maharashtra,Dhule,Alluvial,5.19,0.89,217.19,29.44,265.85,44.32
2024-01-15,Maharashtra,Satara,Black,8.06,0.66,395.24,28.8,349.63,39.21
2025-07-13,Maharashtra,Solapur,Black,7.03,0.88,193.03,22.85,133.9,23.94
2025-10-12,Maharashtra,Kolhapur,Alluvial,7.26,0.55,282.68,10.23,285.77,41.04
2025-06-29,Maharashtra,Sangli,Loamy,7.01,0.59,327.87,17.75,344.53,10.0
2025-02-17,Maharashtra,Sangli,Red,7.2,0.83,253.82,30.38,259.73,42.97
2024-12-20,Maharashtra,Jalgaon,Red,6.85,0.83,244.92,35.27,98.93,21.09
2025-04-01,Maharashtra,Ahmednagar,Loamy,6.99,0.85,145.69,18.73,298.62,36.85
2025-12-22,Maharashtra,Aurangabad,Black,6.88,0.58,368.59,19.5,254.54,23.66
2025-06-14,Maharashtra,Solapur,Alluvial,6.37,0.8,246.41,20.38,244.35,38.03
2024-07-14,Maharashtra,Sangli,Alluvial,6.77,0.93,302.99,24.75,205.32,44.94
2024-04-24,Maharashtra,Nashik,Loamy,6.99,0.62,313.82,16.19,268.68,56.03
2025-02-20,Maharashtra,Kolhapur,Red,6.88,0.52,209.74,5.0,310.98,19.5
2024-12-17,Maharashtra,Dhule,Red,5.77,0.99,244.2,33.93,499.06,49.71
2024-03-15,Maharashtra,Satara,Red,5.86,0.49,366.76,39.95,271.23,39.57
2025-10-23,Maharashtra,Jalgaon,Alluvial,7.56,0.81,170.62,15.88,411.11,32.59
2024-02-05,Maharashtra,Ahmednagar,Black,,0.64,430.23,11.33,295.78,47.12
2024-08-29,Maharashtra,Pune,Alluvial,7.21,0.19,200.41,20.63,250.05,35.17
2025-10-24,Maharashtra,Sangli,Loamy,6.04,0.93,165.64,20.12,274.85,46.61
2024-03-03,Maharashtra,Jalgaon,Alluvial,5.77,0.1,270.58,31.96,137.83,26.09
2025-10-27,Maharashtra,Nashik,Loamy,6.21,0.15,436.67,22.55,290.59,30.4
2025-05-23,Maharashtra,Nashik,Alluvial,6.64,0.78,107.12,14.07,60.79,49.32
2024-07-06,Maharashtra,Aurangabad,Black,6.33,0.78,248.72,8.82,173.73,55.82
2024-04-02,Maharashtra,Ahmednagar,Loamy,7.71,0.49,298.1,30.66,270.98,37.58
2024-01-05,Maharashtra,Aurangabad,Red,6.93,0.69,262.69,28.0,379.4,10.0
2025-03-13,Maharashtra,Ahmednagar,Red,8.09,0.1,290.55,32.61,403.06,35.61
2024-06-14,Maharashtra,Sangli,Alluvial,7.08,0.83,202.56,12.32,236.35,38.39
2025-03-21,Maharashtra,Solapur,Alluvial,5.11,0.71,212.02,40.38,275.57,35.21
2024-01-25,Maharashtra,Satara,Black,7.54,0.64,248.13,5.0,358.44,42.04
2025-05-22,Maharashtra,Dhule,Black,5.74,0.66,169.61,29.1,127.05,32.28
2024-04-07,Maharashtra,Dhule,Red,6.96,0.77,256.43,5.0,300.47,48.07
2024-09-24,Maharashtra,Solapur,Alluvial,6.26,0.64,228.9,14.1,177.21,24.0
2025-10-23,Maharashtra,Nashik,Loamy,,0.18,222.4,37.61,242.82,52.84
2025-01-27,Maharashtra,Kolhapur,Black,7.81,1.2,285.64,30.31,214.1,56.6
2025-08-18,Maharashtra,Satara,Loamy,6.28,0.95,114.35,16.54,303.54,27.04
2024-10-11,Maharashtra,Sangli,Loamy,6.71,0.33,241.67,16.81,315.03,27.04
2025-11-14,Maharashtra,Solapur,Black,6.97,0.56,445.39,23.01,349.11,42.93
2024-04-18,Maharashtra,Satara,Alluvial,7.4,0.59,173.11,27.14,294.82,23.75
2024-01-27,Maharashtra,Dhule,Loamy,6.82,0.92,362.84,34.52,277.17,32.09
2024-02-24,Maharashtra,Satara,Alluvial,6.08,0.11,264.37,17.44,445.4,51.23
2024-05-12,Maharashtra,Ahmednagar,Loamy,6.3,0.53,211.76,5.88,107.56,46.85
2024-02-21,Maharashtra,Jalgaon,Alluvial,6.8,0.21,154.35,23.57,429.56,61.76
2025-05-07,Maharashtra,Ahmednagar,Alluvial,7.66,0.58,271.17,17.43,231.02,40.05
2024-10-24,Maharashtra,Solapur,Alluvial,7.1,0.53,376.27,8.99,317.09,30.67
2025-02-02,Maharashtra,Sangli,Alluvial,6.26,0.67,228.86,24.98,227.43,38.61
2025-08-13,Maharashtra,Pune,Black,7.25,0.5,253.52,19.87,189.75,36.19
2024-01-18,Maharashtra,Aurangabad,Loamy,6.53,0.46,340.83,25.07,308.46,36.36
2025-09-10,Maharashtra,Aurangabad,Alluvial,7.42,0.8,287.27,13.06,364.21,37.71
2025-07-12,Maharashtra,Pune,Red,8.5,0.76,134.22,26.87,307.3,26.82
2024-09-02,Maharashtra,Satara,Loamy,6.55,0.79,267.91,8.83,205.79,41.39
2025-05-17,Maharashtra,Pune,Loamy,7.36,0.61,380.98,13.72,600.0,21.1
2024-03-29,Maharashtra,Aurangabad,Alluvial,6.28,0.51,257.04,19.57,379.86,29.4
2024-07-21,Maharashtra,Nashik,Loamy,6.72,0.62,80.0,39.42,353.33,36.57
2024-08-27,Maharashtra,Dhule,Red,6.82,0.78,291.06,29.85,224.7,10.89
2025-05-04,Maharashtra,Aurangabad,Red,6.66,0.11,244.12,32.77,197.48,47.23
2024-01-13,Maharashtra,Aurangabad,Red,8.5,0.75,113.67,36.17,232.02,13.36
2025-10-10,Maharashtra,Nashik,Loamy,6.59,0.73,125.66,58.03,368.14,46.04
2024-11-10,Maharashtra,Aurangabad,Loamy,7.21,0.67,338.01,22.42,160.94,22.49
2025-11-15,Maharashtra,Satara,Alluvial,5.45,0.61,201.41,36.2,153.18,33.14
2024-07-16,Maharashtra,Nashik,Loamy,7.1,0.1,,32.13,313.95,44.23
2024-08-30,Maharashtra,Dhule,Loamy,7.6,0.54,257.15,31.96,291.92,64.38
2025-05-21,Maharashtra,Sangli,Alluvial,6.43,1.1,208.46,39.74,182.97,39.4
2024-02-12,Maharashtra,Ahmednagar,Red,5.04,0.65,268.0,17.81,150.88,14.21
2024-11-25,Maharashtra,Sangli,Alluvial,6.77,0.57,243.78,17.01,403.79,49.44
2025-08-13,Maharashtra,Nashik,Black,6.81,0.65,164.0,25.2,295.7,35.22
2025-03-04,Maharashtra,Nashik,Loamy,7.31,0.74,219.1,20.17,123.65,38.84
2025-09-04,Maharashtra,Solapur,Loamy,8.21,0.81,295.42,25.19,130.64,44.69
2024-06-10,Maharashtra,Jalgaon,Black,6.53,0.59,263.35,37.63,223.85,11.3
2025-10-17,Maharashtra,Jalgaon,Black,6.2,0.76,253.44,17.22,333.28,38.08
2025-09-12,Maharashtra,Nashik,Black,5.98,1.07,414.99,18.95,319.5,33.08
2025-03-10,Maharashtra,Ahmednagar,Alluvial,6.94,0.9,318.48,23.74,373.17,52.66
2024-08-20,Maharashtra,Solapur,Red,7.14,1.24,328.2,19.72,110.97,46.73
2024-04-20,Maharashtra,Pune,Alluvial,6.42,0.49,246.72,5.0,282.38,18.48
2024-08-19,Maharashtra,Kolhapur,Black,7.35,1.07,277.61,16.2,402.59,53.15
2025-12-09,Maharashtra,Ahmednagar,Alluvial,7.13,0.45,225.51,28.87,393.28,43.39
2024-09-29,Maharashtra,Nashik,Loamy,6.83,0.74,322.2,36.38,295.89,19.43
2025-08-20,Maharashtra,Nashik,Alluvial,6.17,0.83,251.17,10.45,494.8,38.67
2024-02-10,Maharashtra,Ahmednagar,Black,6.46,0.52,277.79,10.41,320.93,50.42
2025-07-13,Maharashtra,Satara,Loamy,5.1,0.67,272.85,22.3,364.27,23.43
2025-04-10,Maharashtra,Solapur,Red,6.97,0.88,258.55,5.0,264.44,54.53
2024-03-17,Maharashtra,Nashik,Alluvial,6.82,0.47,495.06,17.55,181.9,19.85
2025-11-20,Maharashtra,Kolhapur,Alluvial,6.93,1.07,206.67,5.0,172.48,28.51
2025-05-04,Maharashtra,Pune,Black,7.15,0.3,205.94,35.69,278.16,26.69
2024-04-26,Maharashtra,Sangli,Red,7.07,1.13,315.53,14.31,238.85,54.52
2025-03-09,Maharashtra,Dhule,Loamy,,0.9,212.39,38.53,83.14,32.11
2024-01-19,Maharashtra,Kolhapur,Black,6.83,0.63,236.69,33.14,157.42,24.05
2025-07-24,Maharashtra,Dhule,Black,5.82,0.55,173.09,15.54,228.16,43.34
2024-07-14,Maharashtra,Aurangabad,Alluvial,6.39,0.52,299.32,11.28,332.73,45.93
2025-09-10,Maharashtra,Satara,Red,6.84,0.62,300.34,20.06,258.39,46.01
2025-03-26,Maharashtra,Kolhapur,Black,6.28,0.64,234.78,20.95,252.79,34.74
2025-02-28,Maharashtra,Jalgaon,Alluvial,7.4,0.96,317.19,25.46,161.31,41.05
2025-01-28,Maharashtra,Satara,Loamy,6.34,1.14,111.35,14.23,262.32,30.2
2024-10-10,Maharashtra,Jalgaon,Black,6.95,0.7,203.45,29.46,391.91,58.1
2024-02-03,Maharashtra,Pune,Loamy,6.88,0.44,246.4,24.65,275.56,51.73
2024-10-21,Maharashtra,Pune,Loamy,7.32,0.51,166.22,18.6,109.27,51.0
2024-09-07,Maharashtra,Pune,Alluvial,7.43,0.6,120.1,14.88,134.85,47.53
2025-09-29,Maharashtra,Satara,Red,7.29,0.39,235.37,20.15,318.88,44.24
2024-12-04,Maharashtra,Pune,Loamy,5.33,0.36,315.52,13.83,237.57,23.07
2025-09-09,Maharashtra,Ahmednagar,Black,7.64,1.17,362.57,22.58,252.54,45.6
2025-03-15,Maharashtra,Dhule,Red,7.87,0.73,216.22,22.85,198.73,39.37
2024-06-28,Maharashtra,Dhule,Red,6.46,0.44,318.66,24.62,310.34,53.16
2025-09-13,Maharashtra,Solapur,Alluvial,6.97,0.85,310.92,39.66,229.91,47.69
2024-08-15,Maharashtra,Jalgaon,Black,6.18,0.36,357.49,20.68,241.34,44.6
2025-09-24,Maharashtra,Dhule,Black,5.44,0.38,231.98,32.05,174.88,17.79
2025-09-10,Maharashtra,Nashik,Alluvial,6.28,0.45,116.12,24.3,352.17,36.93
2025-10-04,Maharashtra,Dhule,Alluvial,6.42,1.06,265.61,19.62,237.89,31.31
2024-01-23,Maharashtra,Nashik,Red,6.55,0.59,178.9,20.81,320.79,41.03
2025-10-18,Maharashtra,Solapur,Loamy,6.13,0.1,202.12,21.41,140.64,33.01
2024-11-22,Maharashtra,Aurangabad,Loamy,6.29,0.95,235.9,24.8,433.39,34.69
2024-06-02,Maharashtra,Satara,Loamy,6.79,0.57,232.89,12.41,387.74,43.51
2025-09-10,Maharashtra,Kolhapur,Loamy,6.26,0.19,271.32,7.35,69.02,32.81
2024-05-25,Maharashtra,Aurangabad,Black,7.18,0.57,316.25,28.54,179.81,39.46
2024-09-08,Maharashtra,Solapur,Black,7.28,0.78,230.58,30.98,307.76,19.77
2024-10-28,Maharashtra,Dhule,Alluvial,8.47,0.75,291.66,29.46,128.03,28.01
2024-03-10,Maharashtra,Dhule,Alluvial,7.59,1.1,261.19,23.55,246.84,45.87
2025-06-26,Maharashtra,Jalgaon,Loamy,6.97,0.44,334.84,29.67,302.66,23.24
2024-04-02,Maharashtra,Satara,Alluvial,6.37,0.66,244.91,29.13,241.53,52.95
2025-10-10,Maharashtra,Solapur,Black,7.01,0.48,253.69,29.88,313.88,49.69
2024-06-11,Maharashtra,Pune,Loamy,7.03,0.26,230.05,13.4,190.67,34.78
2024-03-21,Maharashtra,Kolhapur,Loamy,6.44,0.87,247.02,11.03,50.0,73.98
2025-08-10,Maharashtra,Aurangabad,Black,7.35,0.77,197.32,18.11,358.21,52.92
2024-03-03,Maharashtra,Ahmednagar,Red,5.82,0.72,189.39,21.83,357.58,26.61
2025-09-03,Maharashtra,Ahmednagar,Loamy,6.63,0.76,322.06,19.58,510.36,46.95
2025-03-11,Maharashtra,Ahmednagar,Alluvial,7.19,0.48,173.34,5.0,50.0,38.79
2024-02-17,Maharashtra,Solapur,Red,6.6,0.4,234.47,39.22,335.08,28.68
2025-03-20,Maharashtra,Pune,Black,6.66,0.66,341.23,19.26,63.13,25.16
2024-03-14,Maharashtra,Sangli,Red,6.7,0.94,231.78,23.73,435.65,49.94
2025-12-04,Maharashtra,Ahmednagar,Red,6.22,1.05,326.3,34.45,308.79,30.82
2025-06-25,Maharashtra,Aurangabad,Loamy,7.62,0.85,212.72,5.0,164.81,36.78
2024-06-05,Maharashtra,Sangli,Red,6.09,0.66,175.91,16.88,338.02,26.95
2025-05-01,Maharashtra,Kolhapur,Alluvial,7.02,0.72,132.41,18.13,204.7,29.02
2024-09-22,Maharashtra,Jalgaon,Loamy,7.09,0.65,365.02,18.64,290.04,36.48
2024-09-12,Maharashtra,Pune,Black,6.14,0.39,169.05,20.27,280.6,42.66
2024-02-08,Maharashtra,Jalgaon,Alluvial,6.85,0.66,319.77,36.47,434.42,10.0
2024-02-24,Maharashtra,Aurangabad,Loamy,6.16,0.32,180.0,28.73,441.49,38.2
2024-01-28,Maharashtra,Satara,Red,7.77,0.62,365.39,31.58,200.27,29.05
2024-04-27,Maharashtra,Satara,Alluvial,6.0,1.06,436.54,22.47,365.81,54.83
2025-01-04,Maharashtra,Ahmednagar,Loamy,6.34,0.86,125.08,8.01,295.48,73.31
2024-07-27,Maharashtra,Aurangabad,Loamy,5.94,0.42,173.22,5.0,118.73,33.69
2025-08-09,Maharashtra,Jalgaon,Black,5.85,0.63,321.85,6.71,190.38,17.33
2025-07-30,Maharashtra,Solapur,Loamy,7.91,0.44,301.04,25.6,493.61,39.4
2025-09-03,Maharashtra,Sangli,Black,7.18,0.63,322.15,22.32,295.79,35.53
2025-07-11,Maharashtra,Ahmednagar,Red,6.9,0.91,214.1,19.9,359.98,61.66
2024-11-11,Maharashtra,Sangli,Loamy,6.34,0.81,419.0,18.31,238.8,58.0
2025-01-27,Maharashtra,Dhule,Loamy,7.44,1.27,269.44,42.12,206.01,48.38
2025-03-19,Maharashtra,Dhule,Red,6.22,0.95,162.64,13.77,262.73,30.96
2025-10-29,Maharashtra,Dhule,Loamy,7.36,0.7,239.75,31.28,233.39,46.13
2024-09-15,Maharashtra,Satara,Loamy,6.19,0.82,163.71,22.02,110.67,41.18
2025-10-09,Maharashtra,Nashik,Alluvial,6.35,0.6,387.28,21.39,159.67,40.9
2024-07-16,Maharashtra,Aurangabad,Black,7.33,0.37,207.17,33.77,330.79,19.3
2025-11-29,Maharashtra,Satara,Loamy,7.4,0.98,299.4,36.63,221.93,50.74
2025-09-19,Maharashtra,Aurangabad,Loamy,7.22,0.9,222.35,19.6,262.57,39.29
2025-03-20,Maharashtra,Kolhapur,Black,6.07,0.59,210.77,29.99,283.49,36.79
2025-07-23,Maharashtra,Jalgaon,Alluvial,6.49,0.72,107.18,25.64,291.31,30.8
2025-08-04,Maharashtra,Dhule,Black,6.91,0.96,307.85,22.07,374.66,28.48
2025-08-27,Maharashtra,Dhule,Loamy,6.21,0.86,363.93,24.04,150.13,41.81
2025-10-10,Maharashtra,Kolhapur,Red,7.76,0.28,186.72,15.12,317.03,17.01
2025-09-08,Maharashtra,Pune,Red,5.12,0.71,136.38,18.94,335.5,47.47
2024-10-31,Maharashtra,Nashik,Alluvial,6.25,0.61,324.27,16.19,358.59,25.35
2024-12-04,Maharashtra,Pune,Alluvial,6.44,0.93,128.3,31.01,118.71,13.3
2025-06-12,Maharashtra,Satara,Loamy,5.0,0.91,357.56,21.05,285.48,59.86
2024-02-23,Maharashtra,Pune,Alluvial,5.82,0.98,187.65,9.02,431.61,27.7
2024-04-21,Maharashtra,Aurangabad,Loamy,7.24,0.37,171.74,14.77,250.09,29.33
2025-11-14,Maharashtra,Solapur,Red,6.82,0.45,279.88,5.0,308.35,51.61
2025-02-22,Maharashtra,Aurangabad,Alluvial,7.9,0.93,176.95,17.06,338.04,60.25
2024-10-31,Maharashtra,Ahmednagar,Loamy,7.88,0.5,203.43,22.38,157.45,19.6
2025-03-13,Maharashtra,Satara,Black,7.1,0.27,288.32,20.64,443.38,26.53
2025-10-17,Maharashtra,Dhule,Alluvial,7.02,0.78,80.0,41.8,309.95,27.41
2024-03-25,Maharashtra,Satara,Loamy,6.85,0.51,391.39,27.75,311.95,49.22
2025-06-07,Maharashtra,Pune,Loamy,5.0,1.1,263.49,27.3,93.8,57.67
2024-09-08,Maharashtra,Sangli,Black,5.82,0.72,156.56,5.57,339.45,25.04
2025-12-28,Maharashtra,Satara,Red,6.87,0.69,178.62,18.35,310.64,54.98
2024-05-05,Maharashtra,Jalgaon,Black,7.23,0.56,339.33,17.13,422.42,29.49
2025-09-01,Maharashtra,Satara,Loamy,7.0,1.05,308.08,14.14,228.87,42.03
2025-02-08,Maharashtra,Aurangabad,Black,6.18,0.74,370.94,14.0,161.23,22.74
2024-10-30,Maharashtra,Sangli,Black,7.46,0.55,205.38,5.0,191.78,36.54
2024-01-28,Maharashtra,Nashik,Loamy,7.84,0.45,283.73,9.24,209.5,36.67
2024-09-22,Maharashtra,Aurangabad,Red,7.46,0.63,294.13,30.74,148.12,34.22
2024-02-21,Maharashtra,Sangli,Black,7.49,0.41,315.62,20.57,389.02,42.62
2025-10-16,Maharashtra,Sangli,Black,6.41,0.91,350.18,16.94,392.77,25.92
2025-10-05,Maharashtra,Satara,Alluvial,7.55,0.2,202.62,21.95,240.42,27.4
2025-05-25,Maharashtra,Kolhapur,Alluvial,6.9,0.62,250.87,33.67,220.72,43.25
2024-07-25,Maharashtra,Solapur,Loamy,7.16,0.8,211.19,22.04,78.45,54.1
2025-07-27,Maharashtra,Kolhapur,Loamy,7.06,0.74,255.79,27.4,329.6,37.73
2025-05-25,Maharashtra,Sangli,Loamy,6.71,0.47,315.87,13.53,425.34,44.04
2025-10-05,Maharashtra,Satara,Alluvial,6.2,0.82,127.68,15.81,196.28,47.1
2025-07-06,Maharashtra,Solapur,Loamy,6.74,0.43,348.75,25.54,248.32,47.97
2024-07-19,Maharashtra,Dhule,Black,7.49,0.64,168.87,40.93,303.43,26.56
2025-09-02,Maharashtra,Jalgaon,Black,6.49,0.81,235.41,36.3,432.44,28.68
2024-10-10,Maharashtra,Pune,Red,7.43,0.77,359.52,27.83,279.98,29.72
2024-12-22,Maharashtra,Solapur,Loamy,7.32,0.48,286.24,23.51,279.54,61.14
2024-02-16,Maharashtra,Dhule,Black,6.59,0.95,287.16,36.01,277.93,44.1
2024-05-16,Maharashtra,Dhule,Black,7.77,0.67,165.55,29.95,117.5,43.56
2024-05-09,Maharashtra,Jalgaon,Red,6.55,0.84,176.47,5.0,115.32,42.39
2024-07-13,Maharashtra,Ahmednagar,Black,7.86,1.03,335.3,11.46,179.2,22.15
2025-09-20,Maharashtra,Nashik,Red,7.1,0.93,212.87,25.38,361.29,61.26
2024-12-29,Maharashtra,Jalgaon,Red,6.79,0.93,220.41,5.0,226.46,43.75
2025-03-07,Maharashtra,Nashik,Alluvial,6.18,0.7,337.12,13.02,207.04,46.68
2024-03-09,Maharashtra,Ahmednagar,Black,6.74,0.85,176.01,15.0,205.28,16.81
2025-04-02,Maharashtra,Ahmednagar,Alluvial,6.66,0.7,281.54,19.44,246.23,47.36
2025-06-23,Maharashtra,Jalgaon,Black,5.92,0.35,263.43,19.13,430.21,33.73
2024-11-30,Maharashtra,Nashik,Alluvial,6.65,0.73,259.79,19.11,244.88,22.13
2025-06-09,Maharashtra,Kolhapur,Red,6.24,0.71,218.53,30.25,181.37,26.55
2025-07-11,Maharashtra,Pune,Red,7.21,0.8,213.61,19.35,262.52,22.82
2024-01-16,Maharashtra,Kolhapur,Red,7.71,0.62,173.73,18.15,435.51,22.62
2025-03-31,Maharashtra,Nashik,Red,5.94,0.46,298.61,8.51,209.72,38.73
2025-05-24,Maharashtra,Aurangabad,Black,8.0,0.81,206.55,32.24,141.9,33.36
2024-07-27,Maharashtra,Aurangabad,Loamy,6.71,0.32,337.5,15.29,209.9,42.01
2024-06-06,Maharashtra,Dhule,Black,6.12,1.01,242.04,11.13,272.88,58.11
2024-12-02,Maharashtra,Aurangabad,Alluvial,7.33,0.59,,24.13,328.82,36.45
2024-08-28,Maharashtra,Aurangabad,Black,6.49,0.71,240.97,14.33,360.69,11.06
2024-02-27,Maharashtra,Pune,Black,6.74,0.79,227.13,16.74,155.43,35.1
2024-10-31,Maharashtra,Ahmednagar,Alluvial,6.52,0.8,340.73,24.58,164.92,52.32
2024-12-10,Maharashtra,Dhule,Red,6.23,0.3,230.48,18.74,227.67,36.97
2025-10-03,Maharashtra,Ahmednagar,Alluvial,7.31,0.86,237.9,45.12,328.45,56.35
2025-12-29,Maharashtra,Nashik,Alluvial,6.6,0.73,372.92,21.25,134.0,43.44
2024-01-14,Maharashtra,Jalgaon,Loamy,5.79,0.49,300.66,28.18,199.27,15.94
2024-12-24,Maharashtra,Dhule,Loamy,7.19,0.46,393.02,5.0,200.73,39.31
2025-01-11,Maharashtra,Solapur,Red,5.96,0.57,360.72,13.39,354.17,41.56
2024-08-30,Maharashtra,Dhule,Alluvial,5.99,0.33,189.03,11.13,312.83,50.96
2024-05-24,Maharashtra,Sangli,Alluvial,7.63,1.08,339.2,12.46,350.37,59.84
2025-02-18,Maharashtra,Ahmednagar,Alluvial,5.96,1.02,382.02,26.16,393.87,48.89
2025-01-28,Maharashtra,Nashik,Black,5.18,0.76,382.63,32.36,229.43,43.29
2025-09-06,Maharashtra,Aurangabad,Loamy,7.24,0.59,339.05,25.45,141.26,46.11
2025-12-29,Maharashtra,Sangli,Loamy,6.59,0.6,337.4,19.73,141.9,35.98
2024-12-23,Maharashtra,Satara,Red,6.65,0.84,235.79,15.69,76.19,20.45
2025-07-29,Maharashtra,Solapur,Loamy,6.58,1.09,193.01,33.14,214.12,38.5
2024-06-06,Maharashtra,Kolhapur,Loamy,6.96,0.51,231.82,42.71,221.58,42.38
2025-11-04,Maharashtra,Ahmednagar,Red,6.27,0.37,126.82,23.35,338.76,23.56
2024-01-18,Maharashtra,Kolhapur,Alluvial,7.83,1.04,367.42,31.39,261.69,53.92
2025-12-28,Maharashtra,Nashik,Black,5.77,0.2,237.34,25.43,210.97,50.06
2025-07-14,Maharashtra,Kolhapur,Red,7.11,0.4,363.31,29.56,248.4,21.54
2025-07-21,Maharashtra,Nashik,Loamy,7.25,0.59,161.48,10.35,156.1,54.39
2024-12-12,Maharashtra,Nashik,Red,6.27,0.26,346.61,17.12,362.54,34.3
2024-02-27,Maharashtra,Pune,Loamy,6.08,0.93,220.41,25.95,181.41,28.66
2024-06-03,Maharashtra,Pune,Alluvial,7.51,0.86,157.25,34.12,146.01,50.95
2025-07-20,Maharashtra,Solapur,Alluvial,6.11,0.51,390.17,13.82,341.79,37.39
2025-05-01,Maharashtra,Nashik,Alluvial,6.38,0.97,348.58,5.0,317.42,60.79
2025-06-14,Maharashtra,Solapur,Loamy,7.42,1.01,276.94,17.02,87.63,27.77
2025-05-01,Maharashtra,Pune,Red,6.82,0.62,262.72,32.1,345.5,17.22
2024-05-30,Maharashtra,Solapur,Loamy,5.54,0.54,295.16,6.16,185.84,34.63
2024-12-24,Maharashtra,Solapur,Alluvial,8.02,1.21,275.57,10.23,222.59,47.47
2025-01-02,Maharashtra,Jalgaon,Alluvial,6.43,0.83,196.62,23.56,278.7,26.87
2025-09-11,Maharashtra,Jalgaon,Alluvial,6.52,0.71,227.04,20.84,318.66,22.04
2024-02-16,Maharashtra,Nashik,Loamy,6.98,0.99,416.86,27.94,304.55,40.75
2024-07-25,Maharashtra,Sangli,Black,7.24,0.73,473.77,9.71,255.02,20.44
2025-03-25,Maharashtra,Kolhapur,Alluvial,8.17,0.52,,18.75,217.54,41.68
2025-04-27,Maharashtra,Solapur,Red,5.64,0.67,298.26,33.95,301.22,33.91
2025-10-01,Maharashtra,Sangli,Alluvial,7.38,0.91,232.98,10.07,248.16,43.93
2025-11-27,Maharashtra,Pune,Loamy,7.32,0.15,196.15,36.77,440.54,21.39
2025-07-23,Maharashtra,Ahmednagar,Red,6.7,0.58,201.42,11.33,318.64,53.58
2024-05-22,Maharashtra,Kolhapur,Loamy,7.35,1.0,215.74,30.49,167.66,35.8
2025-02-03,Maharashtra,Aurangabad,Black,7.45,0.52,432.09,18.27,212.24,47.16
2024-04-06,Maharashtra,Kolhapur,Black,5.83,1.04,404.5,10.55,264.82,49.52
2024-02-16,Maharashtra,Solapur,Loamy,8.02,1.0,319.7,17.03,389.94,24.11
2024-07-09,Maharashtra,Nashik,Alluvial,5.71,0.63,183.15,27.45,401.11,48.59
2024-05-19,Maharashtra,Nashik,Red,6.01,0.51,331.44,21.93,220.39,20.9
2025-09-06,Maharashtra,Solapur,Alluvial,6.62,0.58,240.91,33.18,166.64,21.56
2024-08-18,Maharashtra,Solapur,Loamy,8.15,1.32,87.76,36.36,153.85,61.57
2024-12-05,Maharashtra,Satara,Loamy,6.58,1.12,282.97,10.17,285.24,51.34
2025-05-05,Maharashtra,Kolhapur,Alluvial,6.78,0.68,192.65,9.44,490.38,62.88
2024-02-18,Maharashtra,Jalgaon,Red,7.8,0.5,195.36,8.95,313.91,33.56
2025-09-15,Maharashtra,Jalgaon,Red,6.59,0.68,239.97,13.01,100.61,39.23
2025-03-28,Maharashtra,Aurangabad,Red,5.98,0.71,220.13,33.04,187.4,44.33
2024-11-11,Maharashtra,Sangli,Red,6.51,0.34,257.26,27.6,197.61,37.85
2024-11-17,Maharashtra,Aurangabad,Red,7.76,0.67,253.41,16.55,177.8,29.05
2024-03-27,Maharashtra,Ahmednagar,Black,6.85,0.98,109.94,21.89,221.21,27.25
2025-04-18,Maharashtra,Ahmednagar,Black,8.15,0.2,381.62,36.04,296.94,40.57
2024-10-08,Maharashtra,Satara,Loamy,7.32,0.86,181.33,41.08,328.2,25.2
2024-03-14,Maharashtra,Nashik,Black,6.35,0.99,183.81,24.59,369.18,24.86
2025-03-28,Maharashtra,Kolhapur,Red,6.84,0.51,233.72,5.0,312.42,42.72
2024-02-16,Maharashtra,Ahmednagar,Red,6.2,1.07,251.33,24.97,64.58,36.86
2025-08-10,Maharashtra,Sangli,Red,6.33,0.48,376.72,31.35,154.27,49.25
2024-04-05,Maharashtra,Kolhapur,Loamy,8.5,0.76,281.55,24.25,244.19,32.9
2024-01-31,Maharashtra,Kolhapur,Loamy,7.51,0.57,305.32,29.27,274.73,31.02
2025-06-17,Maharashtra,Jalgaon,Alluvial,7.4,0.57,281.96,25.57,346.14,43.08
2024-01-17,Maharashtra,Nashik,Black,6.36,0.5,278.52,9.65,264.32,28.26
2024-07-30,Maharashtra,Ahmednagar,Black,7.9,0.82,284.78,13.14,265.07,30.1
2025-10-21,Maharashtra,Jalgaon,Alluvial,7.57,0.86,105.38,18.79,283.78,30.58
2024-08-22,Maharashtra,Dhule,Alluvial,8.12,0.63,240.01,32.65,234.5,35.48
2025-01-26,Maharashtra,Pune,Black,8.08,0.31,352.98,14.34,268.69,59.27
2024-12-19,Maharashtra,Dhule,Red,5.76,0.75,500.0,26.56,372.58,21.48
2024-10-31,Maharashtra,Dhule,Black,6.02,0.76,163.66,25.04,251.61,53.55
2025-08-21,Maharashtra,Pune,Red,6.1,0.6,293.85,37.86,256.98,46.85
2025-07-03,Maharashtra,Dhule,Loamy,6.14,1.12,214.32,21.58,256.64,56.8
2025-07-18,Maharashtra,Ahmednagar,Black,7.03,0.26,423.81,5.0,389.78,75.64
2025-06-23,Maharashtra,Kolhapur,Black,6.4,0.1,151.7,28.47,149.19,55.18
2025-08-11,Maharashtra,Jalgaon,Loamy,8.25,0.47,310.0,43.38,437.58,49.11
2025-05-23,Maharashtra,Solapur,Loamy,8.13,0.83,147.42,29.12,142.36,22.25
2025-12-12,Maharashtra,Satara,Loamy,6.8,0.39,234.51,14.12,194.58,23.77
2025-01-29,Maharashtra,Jalgaon,Loamy,8.17,0.4,257.25,11.18,334.47,42.32
2025-03-06,Maharashtra,Sangli,Loamy,7.84,0.89,345.58,12.47,363.03,17.62
2025-11-15,Maharashtra,Nashik,Alluvial,6.48,0.77,173.83,42.03,119.65,45.39
2025-07-15,Maharashtra,Ahmednagar,Alluvial,5.39,0.74,313.07,18.73,150.73,12.38
2024-06-25,Maharashtra,Jalgaon,Loamy,6.65,0.85,261.5,15.37,287.78,51.83
2025-02-09,Maharashtra,Ahmednagar,Loamy,6.35,0.54,281.82,20.42,494.44,34.14
2024-10-27,Maharashtra,Aurangabad,Loamy,6.94,0.56,336.67,18.83,384.63,39.52
2025-03-20,Maharashtra,Pune,Loamy,6.86,0.85,157.4,37.68,235.19,29.02
2024-05-06,Maharashtra,Solapur,Red,6.84,0.31,324.85,11.86,50.0,15.22
2024-12-14,Maharashtra,Sangli,Red,7.17,0.11,214.49,33.81,268.16,52.82
2024-01-21,Maharashtra,Kolhapur,Loamy,5.95,0.54,347.67,23.22,296.23,54.03
2025-12-11,Maharashtra,Kolhapur,Loamy,7.09,0.88,286.76,34.07,221.73,33.78
2025-12-01,Maharashtra,Jalgaon,Black,6.49,0.71,243.24,37.83,174.93,45.94
2025-02-23,Maharashtra,Dhule,Loamy,6.94,0.86,212.8,22.85,275.92,33.31
2024-05-31,Maharashtra,Pune,Loamy,7.47,0.15,325.86,18.85,165.77,41.46
2024-06-08,Maharashtra,Dhule,Alluvial,5.94,0.73,360.88,22.66,447.24,47.11
2025-04-24,Maharashtra,Dhule,Red,6.6,0.81,217.37,21.05,411.67,44.66
2025-03-18,Maharashtra,Sangli,Loamy,6.72,0.31,169.36,5.43,325.79,54.09
2024-04-05,Maharashtra,Ahmednagar,Red,6.44,0.87,315.54,37.52,268.97,44.23
2024-12-17,Maharashtra,Jalgaon,Red,7.43,0.62,144.12,24.46,193.98,38.34
2024-03-15,Maharashtra,Kolhapur,Black,6.3,1.42,155.56,10.37,257.92,28.86
2025-08-16,Maharashtra,Nashik,Red,6.41,0.11,174.98,5.0,423.93,32.26
2025-10-01,Maharashtra,Dhule,Red,6.3,0.99,226.76,5.0,346.87,47.72
2024-12-24,Maharashtra,Aurangabad,Loamy,7.56,0.55,153.09,29.7,280.37,19.98
2024-05-12,Maharashtra,Sangli,Alluvial,6.46,0.25,104.9,15.81,352.4,51.27
2025-02-03,Maharashtra,Satara,Loamy,7.12,0.52,169.16,17.45,314.56,34.63
2024-05-18,Maharashtra,Jalgaon,Loamy,8.18,0.72,311.4,26.88,299.63,28.18
2024-09-02,Maharashtra,Aurangabad,Alluvial,6.75,0.91,158.28,16.84,358.06,24.82
2024-10-17,Maharashtra,Dhule,Alluvial,7.58,1.08,232.78,27.47,311.7,46.09
2024-04-21,Maharashtra,Ahmednagar,Black,7.97,1.01,415.74,22.95,345.86,37.82
2025-12-15,Maharashtra,Sangli,Alluvial,7.52,0.41,256.07,21.16,276.14,57.07
2024-06-18,Maharashtra,Solapur,Loamy,6.79,0.93,287.4,6.27,234.59,22.84
2025-08-21,Maharashtra,Nashik,Alluvial,7.25,0.75,184.32,13.8,205.18,31.06
2025-09-22,Maharashtra,Sangli,Alluvial,5.9,0.49,433.08,28.03,193.27,36.89
2025-09-01,Maharashtra,Aurangabad,Alluvial,6.25,0.6,216.7,15.18,99.48,28.98
2024-08-27,Maharashtra,Kolhapur,Red,6.38,0.47,241.75,34.05,168.81,38.07
2024-12-02,Maharashtra,Nashik,Black,8.37,0.66,365.36,45.46,165.91,41.83
2024-05-17,Maharashtra,Solapur,Red,6.23,0.47,245.46,28.56,209.27,43.81
2025-08-16,Maharashtra,Satara,Red,6.22,0.39,263.83,36.93,416.22,56.07
2024-08-23,Maharashtra,Jalgaon,Black,6.07,0.77,237.46,29.21,244.24,22.36
2025-10-09,Maharashtra,Dhule,Red,7.19,0.81,238.01,16.66,284.18,42.05
2024-01-03,Maharashtra,Pune,Alluvial,6.9,0.6,289.64,24.0,287.33,30.24
2025-07-24,Maharashtra,Ahmednagar,Black,7.56,0.99,304.24,42.13,418.76,43.16
2024-04-25,Maharashtra,Aurangabad,Red,,0.58,208.54,16.76,202.44,43.18
2025-04-16,Maharashtra,Sangli,Loamy,5.83,0.57,198.71,11.61,237.75,26.16
2024-05-10,Maharashtra,Kolhapur,Red,6.23,0.82,211.27,10.66,249.38,27.19
2025-04-27,Maharashtra,Ahmednagar,Loamy,7.76,0.62,147.9,19.82,373.65,44.14
2025-02-04,Maharashtra,Kolhapur,Alluvial,6.66,0.67,132.77,11.97,394.41,38.28
2024-07-19,Maharashtra,Sangli,Loamy,7.63,0.1,283.77,38.74,307.46,35.36
2024-10-18,Maharashtra,Aurangabad,Red,6.7,0.65,335.09,24.16,383.29,45.9
2024-12-07,Maharashtra,Satara,Red,6.12,0.19,329.68,31.72,277.77,46.78
2025-09-01,Maharashtra,Satara,Red,6.59,0.34,80.0,19.01,242.74,31.64
2024-08-03,Maharashtra,Solapur,Black,6.12,0.32,240.39,10.6,377.87,27.78
2025-09-27,Maharashtra,Dhule,Black,6.4,0.39,171.83,8.91,308.76,22.86
2025-08-07,Maharashtra,Jalgaon,Red,6.94,0.51,271.5,12.92,186.45,38.4
2024-12-31,Maharashtra,Pune,Red,7.16,0.53,226.57,25.48,359.74,20.92
2025-10-03,Maharashtra,Jalgaon,Alluvial,5.69,0.82,307.35,27.2,239.15,39.19
2025-04-13,Maharashtra,Solapur,Black,6.79,0.71,258.47,28.03,226.92,52.6
2025-02-21,Maharashtra,Satara,Black,6.39,0.17,108.32,7.11,349.3,33.76
2024-01-27,Maharashtra,Kolhapur,Black,6.35,0.67,182.63,22.0,251.12,31.57
2025-11-07,Maharashtra,Solapur,Loamy,6.89,0.73,260.46,11.74,298.9,61.97
2025-03-30,Maharashtra,Dhule,Red,6.41,0.57,,26.01,326.19,56.12
2025-08-02,Maharashtra,Aurangabad,Alluvial,7.77,0.63,147.55,26.79,181.71,28.82
2024-01-14,Maharashtra,Dhule,Alluvial,7.63,0.7,137.08,10.28,298.49,39.67
2024-04-07,Maharashtra,Nashik,Red,7.63,0.84,264.5,31.68,394.95,41.94
2024-10-05,Maharashtra,Dhule,Red,6.45,0.26,147.71,45.39,164.35,40.44
2025-05-04,Maharashtra,Aurangabad,Alluvial,6.13,0.59,126.51,30.35,304.99,59.78
2025-09-15,Maharashtra,Ahmednagar,Loamy,6.86,1.03,224.39,20.37,177.05,39.05
2024-07-25,Maharashtra,Sangli,Alluvial,6.69,1.0,220.92,18.83,362.14,40.85
2024-08-20,Maharashtra,Aurangabad,Loamy,6.37,0.86,189.73,19.91,361.19,46.26
2025-07-26,Maharashtra,Dhule,Loamy,5.98,0.78,203.7,14.39,224.57,52.28
2025-08-19,Maharashtra,Satara,Black,6.77,1.06,261.11,24.52,480.96,49.24
2025-11-25,Maharashtra,Solapur,Red,6.52,1.13,202.39,10.62,370.66,44.46
2024-08-26,Maharashtra,Solapur,Black,7.28,0.62,265.66,5.0,330.69,19.3
2024-09-06,Maharashtra,Solapur,Loamy,7.27,0.41,229.56,24.2,325.06,32.14
2025-08-05,Maharashtra,Satara,Alluvial,7.57,0.58,273.41,22.21,358.39,47.83
2025-08-19,Maharashtra,Kolhapur,Black,5.92,1.42,330.26,16.29,160.44,41.0
2024-11-01,Maharashtra,Sangli,Alluvial,7.08,0.26,327.14,9.17,279.46,47.91
2025-04-07,Maharashtra,Aurangabad,Loamy,6.29,0.53,363.06,24.9,298.32,60.65
2024-08-23,Maharashtra,Dhule,Alluvial,5.95,0.3,327.05,12.1,219.99,23.88
2024-10-17,Maharashtra,Kolhapur,Black,6.5,0.68,279.08,20.61,306.48,51.65
2024-02-08,Maharashtra,Dhule,Loamy,7.55,0.35,225.33,39.65,383.17,34.04
2025-12-18,Maharashtra,Solapur,Red,6.54,0.62,228.98,28.51,217.82,49.22
2024-07-01,Maharashtra,Dhule,Black,7.9,0.16,189.78,8.31,254.56,37.51
2025-11-29,Maharashtra,Satara,Black,7.18,0.8,260.36,9.25,177.94,63.52
2025-10-06,Maharashtra,Ahmednagar,Red,6.52,0.96,315.79,23.52,81.3,39.56
2024-01-30,Maharashtra,Dhule,Loamy,7.61,0.55,201.95,8.25,337.89,30.31
2025-01-22,Maharashtra,Kolhapur,Red,7.11,0.62,257.02,5.0,257.43,43.04
2024-05-22,Maharashtra,Aurangabad,Black,6.15,0.61,205.81,27.32,264.76,41.89
2025-09-06,Maharashtra,Sangli,Loamy,8.1,0.7,276.75,25.21,161.32,51.66
2025-02-22,Maharashtra,Solapur,Alluvial,6.98,0.64,216.05,26.51,241.45,43.38
2024-03-14,Maharashtra,Nashik,Black,6.81,0.84,200.84,24.63,369.66,67.7
2024-02-24,Maharashtra,Aurangabad,Alluvial,,0.96,205.6,21.35,260.08,36.66
2025-07-25,Maharashtra,Ahmednagar,Red,7.63,0.45,300.27,15.38,262.92,36.8
2024-01-24,Maharashtra,Pune,Loamy,7.16,0.57,252.26,27.16,280.75,30.75
2024-01-22,Maharashtra,Dhule,Red,7.24,0.88,225.73,37.3,136.36,39.03
2025-03-03,Maharashtra,Dhule,Alluvial,6.44,0.29,280.91,16.99,322.49,40.77
2024-02-01,Maharashtra,Sangli,Black,7.38,0.16,226.84,11.79,134.48,41.37
2024-12-04,Maharashtra,Sangli,Loamy,7.44,0.71,350.12,10.65,166.04,38.81
2025-05-29,Maharashtra,Solapur,Red,6.33,0.77,182.09,13.33,155.08,30.68
2025-05-26,Maharashtra,Nashik,Alluvial,5.81,0.47,245.04,24.03,242.48,27.42
2024-03-10,Maharashtra,Nashik,Alluvial,7.21,0.51,147.62,5.0,224.75,33.5
2025-11-02,Maharashtra,Satara,Black,5.7,0.46,232.25,26.39,259.88,51.7
2024-03-28,Maharashtra,Solapur,Alluvial,6.91,0.43,125.63,28.44,169.47,54.28
2025-07-24,Maharashtra,Solapur,Loamy,6.49,0.82,319.71,5.0,360.55,37.08
2024-08-06,Maharashtra,Ahmednagar,Alluvial,7.65,0.35,321.32,12.21,343.4,26.7
2025-12-13,Maharashtra,Jalgaon,Black,6.53,0.58,322.73,22.8,242.62,37.03
2025-08-11,Maharashtra,Ahmednagar,Red,7.58,0.42,262.31,20.57,212.16,63.1
2024-09-26,Maharashtra,Dhule,Loamy,6.44,0.29,189.61,27.2,202.06,49.99
2025-10-12,Maharashtra,Pune,Red,7.5,0.87,195.97,20.59,228.99,44.61
2024-03-18,Maharashtra,Solapur,Red,8.24,0.52,382.41,34.65,119.98,49.55
2025-08-14,Maharashtra,Nashik,Alluvial,6.05,0.7,374.85,18.79,164.04,56.49
2024-01-10,Maharashtra,Sangli,Alluvial,7.0,0.27,269.8,12.17,346.01,24.17
2025-04-12,Maharashtra,Pune,Black,8.5,0.46,218.75,11.37,290.18,33.3
2024-12-01,Maharashtra,Nashik,Alluvial,6.85,0.84,369.49,29.35,423.43,31.66
2025-09-27,Maharashtra,Nashik,Alluvial,6.84,1.3,204.44,22.3,230.08,45.05
2024-07-04,Maharashtra,Pune,Red,7.35,0.16,278.31,28.34,223.85,39.92
2025-06-29,Maharashtra,Sangli,Loamy,6.83,0.6,368.16,28.13,219.21,47.08
2024-04-30,Maharashtra,Jalgaon,Alluvial,5.6,0.75,193.09,5.0,228.08,31.92
2025-08-14,Maharashtra,Satara,Loamy,7.59,0.5,326.34,10.6,194.0,54.46
2025-12-18,Maharashtra,Solapur,Alluvial,5.4,0.86,301.64,11.79,287.1,37.17
2025-07-18,Maharashtra,Ahmednagar,Alluvial,6.51,0.43,256.84,13.84,262.91,46.33
2025-10-29,Maharashtra,Dhule,Black,7.65,0.69,180.53,17.8,209.01,52.34
2024-09-30,Maharashtra,Ahmednagar,Alluvial,6.55,0.52,202.04,31.99,385.11,51.38
2025-02-13,Maharashtra,Nashik,Black,6.31,0.95,283.16,33.98,449.66,42.33
2024-12-23,Maharashtra,Solapur,Red,7.42,0.48,146.13,19.07,376.66,47.83
2025-10-08,Maharashtra,Sangli,Loamy,6.2,0.56,270.46,19.49,315.81,58.9
2024-04-07,Maharashtra,Sangli,Alluvial,5.94,0.89,303.28,14.95,336.18,44.16
2024-08-28,Maharashtra,Sangli,Black,6.99,0.39,338.82,22.89,445.64,29.24
2025-07-10,Maharashtra,Dhule,Red,6.67,0.67,148.13,24.03,336.03,45.0
2025-12-11,Maharashtra,Dhule,Alluvial,5.93,0.19,365.3,30.06,201.48,37.55
2024-04-23,Maharashtra,Solapur,Black,7.25,0.38,395.63,29.98,299.23,10.0
2025-05-01,Maharashtra,Jalgaon,Black,7.13,0.75,292.81,5.0,322.62,43.54
2024-08-28,Maharashtra,Nashik,Red,6.55,0.4,176.96,20.47,160.53,39.4
2024-06-04,Maharashtra,Sangli,Alluvial,6.6,0.51,233.75,35.84,231.51,51.88
2024-12-17,Maharashtra,Sangli,Alluvial,7.13,0.77,256.19,17.62,370.04,29.0
2024-02-13,Maharashtra,Sangli,Loamy,7.63,0.51,281.64,33.39,77.65,19.93
2025-08-14,Maharashtra,Dhule,Alluvial,6.6,0.86,261.76,18.94,134.96,40.02
2024-11-07,Maharashtra,Jalgaon,Black,7.26,0.7,282.49,23.75,242.36,42.56
2024-05-17,Maharashtra,Ahmednagar,Loamy,7.2,0.76,252.74,10.63,295.37,39.13
2025-10-24,Maharashtra,Jalgaon,Loamy,7.42,0.96,281.21,11.01,124.24,38.25
2025-03-11,Maharashtra,Dhule,Alluvial,6.83,0.73,223.16,29.25,247.32,25.18
2024-05-22,Maharashtra,Ahmednagar,Loamy,6.16,1.03,232.95,30.82,375.38,36.33
2024-10-25,Maharashtra,Pune,Black,6.48,0.88,213.92,22.26,266.87,33.82
2025-07-15,Maharashtra,Solapur,Black,7.04,0.52,413.38,9.72,353.91,50.87
2024-09-18,Maharashtra,Pune,Red,8.07,0.97,377.11,22.44,200.79,42.55
2025-05-26,Maharashtra,Solapur,Black,6.46,0.72,304.42,34.57,179.01,34.66
2025-11-03,Maharashtra,Sangli,Red,7.36,0.55,366.02,39.43,344.89,58.69
2024-03-02,Maharashtra,Pune,Loamy,6.57,0.72,323.88,18.83,296.93,34.77
2025-07-20,Maharashtra,Dhule,Red,6.88,0.93,274.5,5.4,141.44,44.69
2025-02-26,Maharashtra,Nashik,Alluvial,7.86,0.76,139.55,30.4,179.92,36.0
2025-01-30,Maharashtra,Ahmednagar,Red,7.34,1.11,239.03,19.24,416.46,57.57
2024-01-31,Maharashtra,Kolhapur,Alluvial,5.93,0.92,233.2,31.43,167.54,39.04
2024-11-25,Maharashtra,Aurangabad,Loamy,6.4,0.78,169.35,24.81,353.43,39.4
2024-06-17,Maharashtra,Nashik,Red,7.68,0.39,141.11,13.17,212.18,36.32
2024-09-22,Maharashtra,Pune,Black,6.9,0.61,299.42,22.58,259.68,40.36
2024-11-03,Maharashtra,Ahmednagar,Alluvial,6.0,0.67,285.96,35.08,289.46,52.39
2025-04-03,Maharashtra,Pune,Loamy,6.23,0.82,166.61,20.51,50.0,48.15
2024-07-03,Maharashtra,Pune,Black,7.29,0.81,200.33,11.65,113.73,38.34
2024-11-29,Maharashtra,Satara,Alluvial,7.5,0.69,352.9,6.11,268.63,58.42
2025-05-29,Maharashtra,Kolhapur,Loamy,6.81,0.68,189.78,14.28,187.57,48.48
2025-03-16,Maharashtra,Satara,Loamy,8.5,0.83,273.66,17.9,359.66,32.74
2025-11-03,Maharashtra,Satara,Black,7.38,0.44,244.82,30.2,99.39,21.44
2025-01-25,Maharashtra,Jalgaon,Loamy,6.63,1.07,300.51,10.79,316.53,33.02
2025-07-13,Maharashtra,Dhule,Red,6.23,0.14,191.51,37.54,122.38,42.96
2024-09-10,Maharashtra,Dhule,Loamy,6.12,1.01,267.21,8.63,224.79,45.17
2025-08-08,Maharashtra,Satara,Alluvial,7.03,0.64,273.5,45.31,153.56,54.31
2024-11-30,Maharashtra,Sangli,Alluvial,6.46,0.9,278.41,39.26,450.24,24.87
2025-02-03,Maharashtra,Jalgaon,Alluvial,7.97,0.74,266.33,23.41,126.05,32.73
2024-06-14,Maharashtra,Pune,Red,7.83,0.74,287.57,5.52,247.79,23.87
2024-09-16,Maharashtra,Kolhapur,Black,7.24,0.79,435.34,21.45,87.32,21.93
2024-01-04,Maharashtra,Satara,Red,5.97,0.85,464.9,18.13,419.96,30.47
2024-04-28,Maharashtra,Kolhapur,Red,6.33,0.57,208.86,9.26,300.13,42.4
2025-04-14,Maharashtra,Solapur,Red,7.68,0.91,80.0,24.91,273.7,47.26
2025-04-14,Maharashtra,Jalgaon,Loamy,6.41,0.38,307.64,13.76,407.43,26.62
2025-05-07,Maharashtra,Kolhapur,Black,7.59,0.65,274.9,14.85,274.74,28.29
2025-05-14,Maharashtra,Pune,Loamy,7.13,0.86,344.88,19.96,281.96,16.64
2024-03-10,Maharashtra,Solapur,Red,6.84,0.9,282.79,16.25,273.17,40.57
2025-11-24,Maharashtra,Sangli,Alluvial,6.31,0.77,264.69,42.78,316.36,29.21
2025-01-04,Maharashtra,Pune,Red,6.73,0.55,350.31,16.64,210.76,57.96
2024-06-29,Maharashtra,Aurangabad,Black,6.93,0.87,361.5,26.41,238.57,42.92
2024-01-05,Maharashtra,Dhule,Alluvial,7.52,0.48,149.08,23.46,341.03,35.94
2024-07-15,Maharashtra,Nashik,Black,6.18,1.09,194.67,25.53,287.74,30.31
2024-02-16,Maharashtra,Ahmednagar,Red,6.62,0.63,251.55,26.29,248.58,20.06
2025-07-05,Maharashtra,Nashik,Black,6.83,0.27,267.88,30.81,119.95,21.59
2025-09-25,Maharashtra,Sangli,Loamy,7.26,0.35,241.92,24.66,409.81,30.53
2025-10-08,Maharashtra,Dhule,Alluvial,6.16,0.66,294.74,24.25,193.85,29.61
2024-05-19,Maharashtra,Kolhapur,Black,5.88,0.68,339.69,22.58,358.72,26.01
2025-10-26,Maharashtra,Jalgaon,Alluvial,7.27,1.14,397.82,20.62,277.58,42.53
2025-06-23,Maharashtra,Pune,Alluvial,5.74,0.39,306.31,12.88,130.65,44.17
2025-03-02,Maharashtra,Dhule,Red,7.7,0.66,191.81,21.39,385.23,32.5
2025-08-11,Maharashtra,Dhule,Red,6.69,0.39,248.21,24.41,285.45,61.22
2025-11-17,Maharashtra,Satara,Alluvial,5.72,0.53,253.97,26.02,393.53,17.04
2025-07-14,Maharashtra,Ahmednagar,Black,6.46,1.07,301.17,23.8,241.76,38.7
2024-11-05,Maharashtra,Pune,Alluvial,7.07,0.37,291.05,19.67,330.41,35.38
2024-09-30,Maharashtra,Dhule,Red,6.43,0.8,424.03,21.43,83.75,31.39
2025-06-22,Maharashtra,Satara,Black,6.81,0.75,223.08,16.46,209.98,29.63
2025-01-24,Maharashtra,Solapur,Alluvial,7.32,0.64,290.78,25.13,132.7,37.92
2025-04-03,Maharashtra,Sangli,Red,6.66,0.78,448.38,19.79,222.52,35.29
2025-09-25,Maharashtra,Sangli,Alluvial,6.14,0.36,213.18,23.81,307.18,33.3
2024-12-26,Maharashtra,Jalgaon,Alluvial,6.59,1.06,271.61,32.01,199.54,22.42
2024-03-09,Maharashtra,Jalgaon,Alluvial,7.79,1.13,184.41,14.91,346.38,18.58
2025-08-05,Maharashtra,Dhule,Black,7.98,0.66,266.57,27.97,174.34,34.54
2025-10-23,Maharashtra,Dhule,Red,5.39,1.26,197.58,22.33,348.52,33.17
2025-11-29,Maharashtra,Pune,Red,7.56,0.55,343.74,42.21,390.98,35.64
2025-03-06,Maharashtra,Ahmednagar,Loamy,6.98,0.75,271.79,19.84,361.35,36.7
2025-12-08,Maharashtra,Dhule,Alluvial,7.45,1.01,185.17,28.95,225.58,31.73
2024-02-01,Maharashtra,Sangli,Alluvial,6.41,0.54,327.25,22.15,50.0,35.45
2025-09-12,Maharashtra,Kolhapur,Loamy,5.56,0.3,274.37,8.12,318.22,27.76
2025-05-27,Maharashtra,Dhule,Alluvial,7.21,0.25,336.23,16.79,247.48,56.29
2024-06-30,Maharashtra,Satara,Black,6.14,1.17,168.19,30.8,162.16,28.4
2025-11-16,Maharashtra,Sangli,Loamy,5.83,0.52,289.51,17.67,204.37,33.55
2025-11-11,Maharashtra,Dhule,Red,5.88,0.6,321.87,5.0,403.44,29.31
2024-09-04,Maharashtra,Nashik,Alluvial,7.22,0.37,226.13,21.69,146.27,29.11
2025-09-11,Maharashtra,Nashik,Red,6.9,0.89,159.28,11.08,306.83,38.3
2024-10-23,Maharashtra,Nashik,Alluvial,7.35,0.45,256.67,23.32,281.8,36.77
2024-01-30,Maharashtra,Ahmednagar,Loamy,7.27,0.53,358.25,37.51,224.26,32.49
2024-10-28,Maharashtra,Aurangabad,Red,6.51,0.72,350.07,29.69,324.45,34.6
2025-04-20,Maharashtra,Satara,Alluvial,6.75,0.38,225.73,37.37,423.22,29.36
2024-12-17,Maharashtra,Satara,Black,6.44,0.61,157.35,16.38,230.4,42.82
2025-04-26,Maharashtra,Sangli,Loamy,6.65,1.0,225.51,20.57,235.68,62.66
2024-11-12,Maharashtra,Kolhapur,Alluvial,6.12,0.76,222.52,11.56,322.21,27.5
2025-01-31,Maharashtra,Sangli,Alluvial,7.07,0.68,295.72,15.16,351.82,42.73
2024-03-29,Maharashtra,Pune,Alluvial,7.55,0.7,251.6,12.73,247.23,38.54
2024-08-21,Maharashtra,Solapur,Loamy,6.23,0.55,199.74,8.93,229.46,46.02
2024-06-16,Maharashtra,Nashik,Alluvial,7.7,1.15,348.34,35.66,50.0,46.36
2024-05-05,Maharashtra,Kolhapur,Alluvial,6.88,0.45,271.23,5.0,182.2,40.46
2025-07-26,Maharashtra,Solapur,Red,6.97,0.7,294.83,35.7,146.07,37.52
2024-04-29,Maharashtra,Solapur,Red,5.61,0.68,122.0,34.46,328.46,32.79
2025-03-03,Maharashtra,Solapur,Loamy,5.53,0.9,80.0,27.0,235.61,28.82
2024-07-08,Maharashtra,Ahmednagar,Loamy,6.9,0.93,145.0,10.85,231.7,36.84
2025-09-24,Maharashtra,Dhule,Black,7.35,0.64,221.56,6.18,259.09,22.58
2025-03-03,Maharashtra,Solapur,Alluvial,6.33,0.72,306.11,16.52,172.98,30.87
2025-07-13,Maharashtra,Dhule,Red,7.97,0.73,80.0,28.25,415.32,51.28
2024-07-20,Maharashtra,Jalgaon,Red,7.31,0.1,387.43,22.03,389.82,39.18
2024-02-28,Maharashtra,Nashik,Alluvial,6.16,0.25,273.65,11.57,421.81,48.71
2025-11-27,Maharashtra,Solapur,Alluvial,6.82,0.5,368.82,33.48,328.34,55.64
2024-08-10,Maharashtra,Satara,Loamy,8.5,0.51,189.12,38.84,257.05,35.88
2025-05-06,Maharashtra,Dhule,Black,5.93,0.35,300.31,19.73,421.47,40.49
2024-01-11,Maharashtra,Satara,Black,7.17,0.84,266.82,23.09,191.9,34.38
2025-12-01,Maharashtra,Satara,Loamy,6.57,0.65,325.41,6.91,172.88,28.25
2025-05-26,Maharashtra,Aurangabad,Loamy,7.29,0.6,241.3,17.86,199.85,26.56
2024-11-05,Maharashtra,Solapur,Red,7.69,0.34,297.86,27.1,312.29,48.12
2024-02-03,Maharashtra,Jalgaon,Loamy,6.53,0.64,348.18,25.55,183.79,40.5
2024-12-05,Maharashtra,Kolhapur,Black,7.58,0.1,207.91,16.92,244.46,60.16
2025-10-08,Maharashtra,Satara,Red,8.35,0.61,279.38,19.26,99.81,49.66
2025-04-25,Maharashtra,Nashik,Black,6.85,0.67,108.97,17.53,308.11,29.23
2025-07-27,Maharashtra,Pune,Alluvial,7.35,0.71,316.2,19.22,108.29,48.08
2024-04-02,Maharashtra,Satara,Black,6.39,0.26,,26.23,166.78,34.34
2025-09-19,Maharashtra,Nashik,Red,6.81,0.71,160.45,5.0,381.72,52.6
2024-05-12,Maharashtra,Sangli,Black,6.68,0.39,252.69,21.26,378.03,32.16
2025-02-22,Maharashtra,Nashik,Red,7.36,0.45,330.44,25.5,297.43,25.37
2025-04-12,Maharashtra,Ahmednagar,Red,7.64,0.83,262.51,16.3,287.57,28.45
2025-03-19,Maharashtra,Kolhapur,Loamy,6.72,1.15,273.21,17.21,206.9,29.06
2025-12-05,Maharashtra,Sangli,Black,7.87,0.66,228.72,17.5,182.71,27.92
2024-01-30,Maharashtra,Aurangabad,Loamy,7.87,0.45,225.75,17.21,223.78,31.13
2024-10-24,Maharashtra,Nashik,Loamy,7.39,0.7,253.06,22.06,108.63,48.28
2024-03-01,Maharashtra,Nashik,Black,6.44,0.88,263.33,23.29,285.24,59.55
2025-04-02,Maharashtra,Dhule,Red,6.37,0.81,165.48,5.0,264.88,22.04
2024-10-30,Maharashtra,Jalgaon,Alluvial,6.23,1.34,254.72,28.53,166.66,53.16
2024-12-05,Maharashtra,Kolhapur,Black,7.46,0.47,385.48,19.1,416.87,32.27
2025-03-23,Maharashtra,Ahmednagar,Loamy,5.95,0.71,226.47,41.33,320.69,42.17
2024-10-28,Maharashtra,Satara,Loamy,7.27,1.04,161.02,10.08,329.18,18.15
2025-06-23,Maharashtra,Ahmednagar,Red,6.04,1.02,247.89,13.33,211.27,44.29
2025-04-29,Maharashtra,Aurangabad,Loamy,7.38,0.16,202.83,19.97,259.87,13.94
2024-03-17,Maharashtra,Solapur,Alluvial,6.81,0.65,152.93,26.13,322.74,41.77
2025-09-24,Maharashtra,Solapur,Loamy,7.73,1.02,271.13,5.0,275.28,41.09
2025-05-29,Maharashtra,Ahmednagar,Red,7.6,1.37,203.18,13.71,420.19,40.29
2025-07-02,Maharashtra,Aurangabad,Black,7.8,0.83,210.02,27.91,239.62,29.18
2025-10-20,Maharashtra,Satara,Red,7.82,0.56,272.27,12.52,209.54,44.59
2024-04-01,Maharashtra,Sangli,Loamy,6.9,0.4,137.35,35.7,323.43,42.69
2025-04-10,Maharashtra,Jalgaon,Red,5.99,1.2,120.67,17.46,133.54,35.48
2025-04-10,Maharashtra,Jalgaon,Loamy,6.06,0.83,313.67,13.01,352.43,46.06
2025-08-21,Maharashtra,Ahmednagar,Red,5.34,0.44,105.53,28.1,129.93,36.85
2024-02-09,Maharashtra,Jalgaon,Black,6.04,0.6,181.87,38.08,323.86,44.35
2025-11-20,Maharashtra,Ahmednagar,Loamy,6.85,0.73,116.01,26.16,195.17,36.49
2024-11-24,Maharashtra,Solapur,Alluvial,6.41,0.79,221.11,34.6,307.66,40.6
2024-10-11,Maharashtra,Nashik,Alluvial,,0.43,294.24,38.77,350.73,44.9
2025-07-07,Maharashtra,Sangli,Alluvial,7.14,0.5,268.99,12.78,275.34,33.23
2024-03-06,Maharashtra,Jalgaon,Alluvial,6.59,0.24,451.35,31.38,140.04,23.19
2025-09-27,Maharashtra,Pune,Loamy,6.01,0.91,346.95,6.77,170.32,41.31
2025-10-18,Maharashtra,Solapur,Loamy,6.76,0.56,185.51,26.25,187.13,52.27
2025-09-23,Maharashtra,Aurangabad,Black,6.17,0.77,164.24,21.29,70.5,41.59
2024-04-18,Maharashtra,Pune,Red,6.61,1.01,476.54,34.43,372.75,41.82
2025-02-18,Maharashtra,Dhule,Loamy,7.74,0.7,345.01,33.72,271.01,37.49
2024-04-01,Maharashtra,Jalgaon,Alluvial,6.61,0.62,307.15,27.7,146.45,46.87
2025-01-02,Maharashtra,Ahmednagar,Loamy,,0.7,265.99,24.98,405.57,35.77
2025-02-26,Maharashtra,Jalgaon,Alluvial,7.8,0.67,281.88,27.08,189.87,32.55
2025-07-25,Maharashtra,Satara,Black,6.39,0.96,141.43,22.62,285.06,51.26
2024-08-27,Maharashtra,Satara,Red,6.02,0.73,272.56,21.39,177.47,31.63
2025-03-10,Maharashtra,Kolhapur,Loamy,6.76,0.51,265.7,36.43,58.17,48.67
2024-07-30,Maharashtra,Sangli,Red,7.61,0.91,187.67,37.63,123.56,51.27
2025-02-03,Maharashtra,Satara,Alluvial,6.46,0.96,216.92,20.58,215.15,44.8
2025-09-01,Maharashtra,Nashik,Alluvial,7.44,0.32,381.21,24.38,349.83,23.01
2025-06-09,Maharashtra,Ahmednagar,Red,7.65,1.03,249.99,22.82,294.65,38.33
2025-12-30,Maharashtra,Jalgaon,Black,6.26,0.74,425.69,5.88,274.02,35.58
2025-04-12,Maharashtra,Sangli,Red,6.33,0.72,120.75,18.64,59.0,32.05
2024-06-18,Maharashtra,Sangli,Red,7.3,0.9,218.23,38.0,387.01,39.71
2024-07-28,Maharashtra,Dhule,Loamy,6.91,0.51,136.22,14.5,282.37,47.23
2024-09-12,Maharashtra,Pune,Loamy,6.32,0.89,163.25,43.15,248.06,32.5
2025-11-13,Maharashtra,Kolhapur,Alluvial,6.55,0.56,193.74,33.72,373.24,35.94
2024-03-13,Maharashtra,Jalgaon,Loamy,6.75,0.28,285.22,26.01,384.75,35.11
2024-05-26,Maharashtra,Kolhapur,Black,5.7,0.4,281.35,27.61,375.46,51.97
2024-12-05,Maharashtra,Sangli,Black,7.34,0.79,205.66,12.83,235.29,34.91
2024-11-12,Maharashtra,Satara,Black,6.46,0.41,81.78,19.35,159.65,23.19
2025-09-09,Maharashtra,Solapur,Alluvial,5.0,1.05,378.22,36.41,358.89,19.12
2025-08-28,Maharashtra,Kolhapur,Black,6.78,0.95,237.14,15.85,123.49,42.35
2025-07-28,Maharashtra,Nashik,Black,6.28,0.98,170.7,32.61,454.73,28.87
2024-06-02,Maharashtra,Solapur,Loamy,7.98,0.68,281.99,8.23,262.8,46.02
2024-09-11,Maharashtra,Ahmednagar,Alluvial,6.39,0.71,276.36,10.02,153.91,22.03
2024-12-16,Maharashtra,Solapur,Red,6.03,0.35,234.19,41.01,136.81,31.53
2025-06-30,Maharashtra,Nashik,Black,7.16,0.9,271.88,21.88,132.24,22.03
2024-11-07,Maharashtra,Pune,Loamy,6.34,0.74,167.6,16.62,274.04,43.22
2025-10-30,Maharashtra,Jalgaon,Red,6.25,0.79,320.79,35.63,259.36,45.79
2024-05-13,Maharashtra,Kolhapur,Black,7.16,1.07,180.25,34.46,136.41,42.06
2024-05-08,Maharashtra,Satara,Red,6.07,0.5,211.55,31.21,224.35,24.97
2025-03-11,Maharashtra,Pune,Red,5.78,0.62,311.9,16.3,123.21,29.05
2024-10-06,Maharashtra,Nashik,Alluvial,8.01,0.73,356.32,19.13,318.93,40.81
2024-12-23,Maharashtra,Pune,Alluvial,7.21,0.42,386.86,25.12,254.54,17.75
2024-09-08,Maharashtra,Kolhapur,Black,6.62,0.6,344.46,28.94,222.16,35.11
2024-05-14,Maharashtra,Pune,Black,6.8,0.77,234.07,16.92,131.19,56.2
2025-06-06,Maharashtra,Ahmednagar,Alluvial,7.15,0.57,136.72,23.71,229.98,35.84
2025-10-21,Maharashtra,Dhule,Black,7.48,0.98,372.4,24.67,218.53,20.14
2024-11-14,Maharashtra,Kolhapur,Black,6.27,0.27,369.66,34.87,291.77,30.71
2024-03-20,Maharashtra,Jalgaon,Alluvial,7.06,0.93,206.24,29.54,276.7,30.43
2024-07-09,Maharashtra,Solapur,Red,6.45,0.82,333.7,6.93,339.21,63.68
2025-03-28,Maharashtra,Kolhapur,Black,6.67,0.51,233.43,19.86,211.54,57.99
2024-12-09,Maharashtra,Nashik,Loamy,6.91,0.42,380.1,12.71,73.96,46.77
2024-01-30,Maharashtra,Pune,Alluvial,6.8,0.13,218.81,27.68,359.11,33.88
2025-02-17,Maharashtra,Kolhapur,Black,7.31,0.45,418.29,31.23,166.4,52.41
2025-01-02,Maharashtra,Pune,Black,7.14,0.91,322.89,23.02,149.31,24.4
2025-08-18,Maharashtra,Satara,Alluvial,5.74,0.64,403.8,19.32,255.69,50.92
2025-05-16,Maharashtra,Aurangabad,Loamy,5.85,0.94,222.9,22.69,290.23,49.14
2025-10-23,Maharashtra,Jalgaon,Loamy,6.54,0.5,292.4,24.09,206.92,36.18
2025-12-01,Maharashtra,Sangli,Alluvial,8.08,0.83,182.46,15.6,206.13,51.67
2024-01-21,Maharashtra,Aurangabad,Loamy,6.2,0.47,327.52,9.81,220.9,32.63
2025-07-02,Maharashtra,Kolhapur,Black,6.65,0.41,331.92,5.0,401.65,22.82
2024-09-02,Maharashtra,Nashik,Loamy,6.42,0.62,451.76,34.67,259.73,49.74
2024-10-09,Maharashtra,Dhule,Black,6.41,0.48,298.56,26.96,163.2,36.98
2025-09-05,Maharashtra,Jalgaon,Red,6.92,0.26,317.93,25.63,164.22,45.22
2024-08-19,Maharashtra,Sangli,Loamy,7.78,0.6,222.33,34.65,234.91,59.85
2024-11-11,Maharashtra,Satara,Red,7.12,0.68,303.31,9.45,283.79,29.33
2024-12-01,Maharashtra,Dhule,Alluvial,6.24,0.97,229.61,5.0,308.4,36.28
2025-02-14,Maharashtra,Solapur,Loamy,8.5,0.88,269.27,25.84,272.42,56.84
2024-09-01,Maharashtra,Pune,Black,6.86,0.95,273.96,24.93,175.81,46.02
2025-01-21,Maharashtra,Aurangabad,Loamy,6.4,0.83,231.82,5.0,217.61,29.6
2025-11-19,Maharashtra,Dhule,Alluvial,7.79,0.73,265.04,25.6,333.39,26.54
2025-12-25,Maharashtra,Pune,Alluvial,6.47,0.34,229.98,18.0,145.39,31.66
2024-12-23,Maharashtra,Sangli,Black,7.96,0.69,229.62,13.93,213.42,29.14
2025-09-05,Maharashtra,Satara,Loamy,6.19,0.8,346.13,18.67,319.75,40.85
2024-01-22,Maharashtra,Sangli,Red,7.8,1.01,274.03,5.0,347.53,38.94
2024-01-19,Maharashtra,Satara,Alluvial,6.94,0.82,287.77,16.09,240.71,41.35
2024-10-13,Maharashtra,Satara,Alluvial,7.7,0.96,143.42,14.96,218.88,27.91
2024-10-02,Maharashtra,Ahmednagar,Black,8.13,0.39,293.88,27.57,127.79,37.15
2025-10-20,Maharashtra,Ahmednagar,Loamy,6.01,0.57,302.43,20.42,312.56,13.33
2025-07-05,Maharashtra,Jalgaon,Red,7.69,0.76,228.13,28.39,391.88,39.74
2025-11-09,Maharashtra,Ahmednagar,Loamy,5.81,0.94,426.8,5.0,516.52,52.11
2025-08-25,Maharashtra,Ahmednagar,Loamy,6.07,0.61,80.0,13.61,298.64,20.9
2024-03-12,Maharashtra,Pune,Red,6.24,0.63,322.75,27.56,254.91,43.8
2024-12-30,Maharashtra,Kolhapur,Black,7.15,0.82,317.02,18.91,168.02,30.67
2024-11-30,Maharashtra,Aurangabad,Alluvial,6.82,0.37,303.33,30.45,72.11,47.63
2025-10-13,Maharashtra,Aurangabad,Black,6.68,1.05,274.1,5.0,277.7,39.9
2025-08-12,Maharashtra,Solapur,Black,6.9,0.43,304.05,29.31,495.03,42.86
2024-07-17,Maharashtra,Nashik,Loamy,7.21,0.17,329.45,15.61,387.08,38.78
2024-01-17,Maharashtra,Satara,Red,,0.65,201.93,14.64,371.66,53.94
2024-08-05,Maharashtra,Sangli,Alluvial,7.57,1.07,283.94,31.91,284.56,42.17
2025-10-11,Maharashtra,Pune,Loamy,8.07,0.8,245.33,33.62,295.95,29.53
2024-05-26,Maharashtra,Satara,Alluvial,6.79,0.84,172.5,32.35,50.0,39.18
2024-07-28,Maharashtra,Nashik,Loamy,6.44,0.66,317.37,42.39,336.25,33.57
2025-10-31,Maharashtra,Ahmednagar,Red,7.23,0.61,214.85,34.67,202.07,39.95
2025-02-17,Maharashtra,Solapur,Alluvial,6.0,0.26,140.17,14.05,189.83,32.96
2025-10-26,Maharashtra,Ahmednagar,Alluvial,6.32,0.1,216.87,23.42,227.67,29.88
2024-11-25,Maharashtra,Satara,Black,7.5,0.7,196.09,18.4,224.3,40.39
2024-12-17,Maharashtra,Solapur,Loamy,6.71,0.98,342.28,42.29,188.24,38.67
2024-06-11,Maharashtra,Nashik,Loamy,5.95,0.74,272.26,33.05,261.39,50.77
2024-04-10,Maharashtra,Sangli,Loamy,5.76,0.81,370.59,20.11,204.17,33.02
2024-11-22,Maharashtra,Sangli,Black,6.83,1.05,206.68,30.78,270.03,14.23
2024-11-22,Maharashtra,Jalgaon,Black,7.6,0.73,329.93,9.68,111.28,33.63
2024-06-03,Maharashtra,Dhule,Alluvial,7.59,0.62,487.17,24.5,238.59,18.48
2024-01-10,Maharashtra,Dhule,Loamy,6.88,0.45,288.48,12.62,150.37,42.99
2024-12-18,Maharashtra,Sangli,Loamy,8.21,1.16,328.93,5.11,195.86,17.91
2024-07-01,Maharashtra,Dhule,Alluvial,6.73,0.78,315.48,29.85,274.34,26.14
2025-03-30,Maharashtra,Aurangabad,Alluvial,6.7,0.41,146.23,31.09,99.6,33.65
2025-10-07,Maharashtra,Kolhapur,Alluvial,5.0,0.36,306.87,26.57,177.76,56.53
2024-01-06,Maharashtra,Nashik,Red,6.49,0.96,284.52,20.17,316.9,25.13
2024-11-28,Maharashtra,Kolhapur,Red,7.4,0.39,239.22,9.34,118.68,38.15
2024-11-28,Maharashtra,Dhule,Alluvial,7.89,1.11,189.28,10.39,437.79,44.96
2024-09-14,Maharashtra,Ahmednagar,Black,6.22,0.1,315.52,12.31,380.44,55.81
2024-07-29,Maharashtra,Jalgaon,Black,7.12,1.01,182.21,19.66,210.55,47.33
2024-02-20,Maharashtra,Dhule,Loamy,7.53,0.77,430.69,32.76,181.28,51.13
2025-03-20,Maharashtra,Pune,Red,6.81,0.68,269.13,32.6,280.19,48.37
2025-10-20,Maharashtra,Satara,Red,5.2,0.61,162.14,5.51,115.25,23.49
2025-01-11,Maharashtra,Solapur,Alluvial,6.97,1.12,218.88,15.07,59.79,42.32
2025-10-01,Maharashtra,Ahmednagar,Alluvial,7.33,0.83,237.75,14.8,214.07,48.18
2025-04-30,Maharashtra,Satara,Alluvial,6.14,0.42,452.99,5.0,246.6,26.52
2024-02-20,Maharashtra,Aurangabad,Alluvial,6.62,0.22,189.23,27.66,269.44,31.04
2024-06-02,Maharashtra,Jalgaon,Alluvial,5.99,0.69,250.7,19.54,198.53,28.36
2025-08-04,Maharashtra,Pune,Black,5.0,0.65,216.97,20.87,387.39,47.27
2024-11-05,Maharashtra,Aurangabad,Black,7.52,0.27,299.94,35.46,110.49,37.17
2025-02-02,Maharashtra,Aurangabad,Alluvial,6.8,0.64,218.25,22.88,146.17,34.15
2024-05-13,Maharashtra,Aurangabad,Black,7.92,0.51,168.88,17.69,308.66,22.62
2024-08-07,Maharashtra,Sangli,Alluvial,7.4,0.65,244.38,27.72,143.84,37.19
2024-06-11,Maharashtra,Satara,Alluvial,6.55,0.83,236.05,32.59,139.97,31.19
2025-10-09,Maharashtra,Solapur,Red,6.74,1.02,212.62,24.96,272.34,40.92
2025-07-22,Maharashtra,Kolhapur,Black,7.2,0.88,216.9,28.89,154.65,24.28
2025-05-16,Maharashtra,Pune,Black,7.48,0.47,354.78,20.54,246.69,40.13
2025-11-19,Maharashtra,Kolhapur,Red,7.03,0.74,234.42,21.18,190.01,32.73
2024-04-24,Maharashtra,Pune,Black,7.57,0.67,169.27,23.13,173.83,23.01
2025-05-13,Maharashtra,Nashik,Red,6.59,0.32,223.03,14.47,50.0,22.07
2025-04-16,Maharashtra,Sangli,Loamy,6.1,0.75,264.35,16.32,273.96,23.88
2024-05-28,Maharashtra,Pune,Black,6.75,1.11,153.1,35.78,135.28,35.52
2024-08-28,Maharashtra,Dhule,Alluvial,6.94,0.66,390.08,42.08,243.18,39.45
2024-05-02,Maharashtra,Dhule,Red,5.96,0.25,329.41,37.92,208.79,41.24
2024-03-09,Maharashtra,Nashik,Alluvial,5.86,0.66,,8.77,239.35,41.69
2024-03-03,Maharashtra,Solapur,Alluvial,7.11,0.35,291.37,7.8,245.03,28.9
2024-01-16,Maharashtra,Jalgaon,Black,6.52,0.87,92.5,10.09,279.36,50.7
2025-01-24,Maharashtra,Sangli,Red,6.68,0.78,382.83,23.34,187.22,32.69
2025-08-12,Maharashtra,Aurangabad,Loamy,6.55,0.61,190.91,5.0,384.27,43.4
2025-09-25,Maharashtra,Satara,Alluvial,7.86,0.57,197.43,16.11,75.26,36.03
2024-09-14,Maharashtra,Ahmednagar,Alluvial,7.68,0.6,272.51,36.07,237.34,42.51
2024-08-04,Maharashtra,Sangli,Loamy,5.93,0.65,370.26,31.82,343.62,35.43
2025-04-23,Maharashtra,Nashik,Red,6.43,0.46,344.26,16.91,307.68,42.72
2024-04-23,Maharashtra,Dhule,Black,7.4,0.3,332.5,17.67,162.52,37.91
2025-01-14,Maharashtra,Satara,Alluvial,7.22,0.93,235.05,27.67,179.18,47.77
2025-10-19,Maharashtra,Pune,Black,6.77,0.55,233.79,31.35,159.32,28.18
2024-08-24,Maharashtra,Solapur,Red,6.0,0.69,287.68,16.67,319.92,16.76
2025-04-20,Maharashtra,Solapur,Loamy,6.32,0.72,249.59,19.66,186.01,26.32
2025-08-20,Maharashtra,Jalgaon,Black,6.44,0.73,331.15,16.34,285.51,50.83
2025-11-09,Maharashtra,Jalgaon,Red,6.99,0.36,326.41,8.69,286.43,36.15
2024-05-08,Maharashtra,Sangli,Black,7.99,0.23,307.31,19.8,496.84,39.1
2025-05-24,Maharashtra,Ahmednagar,Black,6.32,0.5,80.0,19.04,291.33,25.36
2024-06-13,Maharashtra,Nashik,Alluvial,6.08,0.75,270.24,9.39,178.89,38.79
2024-10-03,Maharashtra,Satara,Black,6.72,0.47,251.29,28.46,113.98,25.73
2024-09-13,Maharashtra,Dhule,Alluvial,7.52,0.56,273.44,26.83,232.41,27.49
2024-05-11,Maharashtra,Nashik,Red,5.79,1.18,199.65,28.96,248.09,33.17
2025-07-23,Maharashtra,Nashik,Red,7.82,0.19,154.02,14.32,50.0,43.34
2024-09-13,Maharashtra,Kolhapur,Alluvial,6.68,0.46,297.05,5.0,188.61,44.62
2024-05-20,Maharashtra,Kolhapur,Loamy,6.29,1.12,231.5,26.67,289.74,44.95
2025-11-16,Maharashtra,Pune,Black,5.68,0.64,305.98,15.36,206.76,18.94
2025-11-17,Maharashtra,Ahmednagar,Red,7.29,0.47,206.33,13.09,356.86,37.92
2024-07-27,Maharashtra,Pune,Red,6.68,0.94,373.27,9.43,104.16,35.64
2025-12-16,Maharashtra,Satara,Loamy,6.92,0.66,340.09,19.25,327.69,19.61
2025-06-02,Maharashtra,Dhule,Red,6.17,0.56,283.75,37.77,351.39,38.19
2024-02-20,Maharashtra,Dhule,Alluvial,6.58,0.7,242.94,16.95,355.65,34.99
2025-05-17,Maharashtra,Nashik,Loamy,6.46,0.49,328.19,11.1,103.41,44.14
2024-09-15,Maharashtra,Jalgaon,Red,6.73,0.4,291.4,28.52,291.46,38.97
2024-06-26,Maharashtra,Dhule,Loamy,6.33,0.62,279.09,23.73,193.12,31.41
2025-06-26,Maharashtra,Jalgaon,Loamy,5.73,0.4,343.43,5.0,119.39,49.11
2024-12-21,Maharashtra,Jalgaon,Red,8.5,0.65,374.12,28.62,218.61,11.35
2024-11-13,Maharashtra,Satara,Red,5.85,0.74,159.81,43.28,169.5,37.23
2025-10-27,Maharashtra,Ahmednagar,Red,6.93,0.86,175.97,5.0,352.08,16.84
2024-12-29,Maharashtra,Nashik,Loamy,5.56,0.93,197.58,9.64,311.31,27.05
2024-02-24,Maharashtra,Dhule,Alluvial,5.4,0.55,139.81,5.0,144.76,44.3
2024-06-04,Maharashtra,Aurangabad,Alluvial,6.87,0.77,254.98,21.25,187.58,22.71
2024-02-13,Maharashtra,Ahmednagar,Black,6.92,0.77,308.01,31.9,221.93,20.92
2025-08-15,Maharashtra,Kolhapur,Red,7.68,0.73,258.29,23.06,252.76,66.58
2025-11-08,Maharashtra,Aurangabad,Alluvial,7.08,0.53,217.27,35.92,360.64,21.69
2025-06-25,Maharashtra,Satara,Black,6.7,0.39,350.12,30.31,329.08,57.81
2024-11-17,Maharashtra,Ahmednagar,Black,6.14,0.78,271.24,39.02,265.14,35.93
2025-10-09,Maharashtra,Satara,Red,7.85,0.22,287.44,33.6,233.94,31.7
2024-01-14,Maharashtra,Ahmednagar,Black,7.45,0.58,352.34,17.97,82.66,44.8
2024-12-22,Maharashtra,Jalgaon,Alluvial,5.93,0.1,250.14,22.67,389.2,54.04
2025-04-27,Maharashtra,Nashik,Black,6.83,0.32,424.82,13.31,215.29,24.25
2025-09-09,Maharashtra,Dhule,Black,6.9,0.43,224.17,19.69,415.48,31.88
2024-12-24,Maharashtra,Sangli,Alluvial,6.56,0.92,419.84,22.62,279.61,48.16
2024-11-13,Maharashtra,Solapur,Black,7.34,0.82,182.02,21.15,462.53,41.46
2024-03-15,Maharashtra,Nashik,Black,7.38,0.51,301.4,35.42,320.63,51.22
2025-08-13,Maharashtra,Jalgaon,Loamy,6.67,0.83,208.6,18.7,116.8,44.18
2024-07-12,Maharashtra,Jalgaon,Black,6.6,0.87,349.57,12.68,198.56,59.7
2024-12-28,Maharashtra,Sangli,Black,7.85,0.61,221.74,13.3,243.09,40.14
2024-04-05,Maharashtra,Jalgaon,Loamy,7.45,0.3,283.27,28.55,172.62,40.66
2024-02-09,Maharashtra,Aurangabad,Loamy,6.85,0.6,207.96,7.97,222.29,41.86
2025-01-31,Maharashtra,Jalgaon,Loamy,5.66,0.63,334.98,19.99,123.31,36.29
2024-04-16,Maharashtra,Kolhapur,Red,7.04,0.34,207.54,35.28,260.57,48.18
2024-01-17,Maharashtra,Dhule,Red,7.29,0.74,394.67,24.93,283.74,40.84
2025-06-10,Maharashtra,Nashik,Alluvial,5.0,0.72,180.32,21.25,159.59,47.46
2025-05-13,Maharashtra,Solapur,Black,6.98,0.76,152.35,21.64,454.03,49.33
2025-06-08,Maharashtra,Aurangabad,Alluvial,6.51,0.72,336.12,11.7,266.35,43.14
2025-12-26,Maharashtra,Aurangabad,Red,6.65,0.83,212.67,13.43,178.33,44.02
2025-10-24,Maharashtra,Solapur,Black,6.16,0.61,259.42,20.05,97.05,25.88
2024-02-12,Maharashtra,Jalgaon,Black,6.7,0.7,234.22,24.71,265.99,31.4
2025-09-17,Maharashtra,Ahmednagar,Loamy,7.77,0.55,154.99,31.48,233.95,48.12
2025-08-15,Maharashtra,Aurangabad,Red,6.49,0.5,253.84,22.93,338.3,55.08
2024-12-15,Maharashtra,Aurangabad,Black,7.48,0.98,361.19,35.53,245.66,14.71
2025-10-14,Maharashtra,Nashik,Loamy,,0.14,340.25,38.05,140.63,31.19
2024-01-30,Maharashtra,Sangli,Black,7.33,0.87,278.54,29.95,427.07,38.28
2025-03-16,Maharashtra,Kolhapur,Red,6.8,0.49,348.98,34.25,303.56,27.45
2025-06-25,Maharashtra,Solapur,Alluvial,7.05,0.46,175.24,12.09,234.59,28.13
2025-03-30,Maharashtra,Jalgaon,Alluvial,6.81,0.72,233.96,10.51,276.46,43.7
2025-09-02,Maharashtra,Satara,Black,7.25,0.28,291.66,27.18,307.4,56.98
2024-04-03,Maharashtra,Satara,Loamy,5.0,0.45,249.57,8.59,117.11,13.62
2025-12-23,Maharashtra,Ahmednagar,Loamy,5.81,0.44,240.25,19.1,275.77,35.95
2024-10-21,Maharashtra,Aurangabad,Loamy,7.09,0.59,163.95,29.71,214.99,43.56
2025-07-02,Maharashtra,Aurangabad,Red,5.37,0.45,93.49,36.13,310.73,47.36
2024-03-29,Maharashtra,Sangli,Alluvial,6.43,1.05,325.43,19.46,185.98,41.83
2025-05-17,Maharashtra,Aurangabad,Alluvial,6.76,1.1,279.46,15.5,199.53,59.14
2024-08-01,Maharashtra,Satara,Black,6.22,0.14,,25.2,426.29,38.35
2025-02-25,Maharashtra,Solapur,Alluvial,6.32,0.79,225.02,11.26,383.09,53.74
2025-06-09,Maharashtra,Ahmednagar,Loamy,6.99,0.86,202.98,20.27,50.0,30.24
2024-07-10,Maharashtra,Sangli,Red,7.51,0.79,260.52,21.92,375.68,38.7
2025-11-24,Maharashtra,Kolhapur,Loamy,6.13,0.49,328.34,21.72,252.63,23.45
2025-10-03,Maharashtra,Satara,Loamy,6.4,0.59,241.48,22.89,189.18,48.81
2024-08-11,Maharashtra,Pune,Alluvial,6.29,0.46,324.14,13.65,159.28,36.55
2025-07-08,Maharashtra,Nashik,Red,5.11,0.54,179.5,14.73,165.09,42.29
2025-11-23,Maharashtra,Sangli,Red,6.9,0.35,247.08,14.53,192.01,34.24
2025-01-21,Maharashtra,Sangli,Loamy,7.45,0.62,254.39,5.8,147.29,45.04
2025-11-11,Maharashtra,Satara,Black,7.51,0.27,358.11,25.42,124.54,42.77
2025-04-18,Maharashtra,Ahmednagar,Alluvial,6.19,0.6,276.61,30.95,155.96,26.06
2025-08-30,Maharashtra,Nashik,Black,5.92,0.34,399.69,29.96,292.34,26.76
2024-07-21,Maharashtra,Solapur,Loamy,6.82,0.7,152.19,19.38,265.01,37.67
2025-03-22,Maharashtra,Solapur,Alluvial,7.38,0.48,270.39,13.89,315.59,45.91
2024-03-08,Maharashtra,Aurangabad,Black,6.91,0.72,274.35,29.44,253.36,60.35
2024-04-01,Maharashtra,Pune,Black,7.0,0.92,309.61,28.39,129.33,41.64
2024-06-26,Maharashtra,Dhule,Black,7.6,1.05,194.93,24.17,309.44,50.09
2025-10-24,Maharashtra,Satara,Alluvial,6.28,0.1,394.76,39.44,159.53,18.65
2025-07-12,Maharashtra,Ahmednagar,Black,6.65,0.44,261.04,21.74,324.66,62.16
2024-01-03,Maharashtra,Nashik,Red,7.94,0.57,173.03,19.43,143.41,45.27
2024-04-12,Maharashtra,Ahmednagar,Loamy,6.66,0.77,258.72,18.0,191.25,37.4
2024-09-29,Maharashtra,Dhule,Alluvial,5.91,0.24,234.95,6.39,223.86,36.02
2025-06-17,Maharashtra,Solapur,Red,6.33,0.4,482.66,28.61,327.44,24.71
2024-04-25,Maharashtra,Ahmednagar,Black,6.14,0.68,344.0,20.95,277.6,28.14
2025-04-08,Maharashtra,Solapur,Loamy,7.05,0.67,263.97,27.1,262.0,60.93
2024-04-13,Maharashtra,Solapur,Black,6.17,0.74,251.05,40.42,448.57,26.13
2024-09-15,Maharashtra,Pune,Red,,0.76,336.08,18.09,76.3,25.9
2024-11-03,Maharashtra,Solapur,Black,6.28,0.73,339.91,5.0,156.16,29.57
2025-01-01,Maharashtra,Jalgaon,Alluvial,5.31,0.7,80.0,26.81,151.88,23.62
2025-10-03,Maharashtra,Solapur,Red,7.01,0.66,311.44,23.67,82.93,38.18
2024-10-28,Maharashtra,Nashik,Alluvial,6.9,0.82,262.24,14.68,188.05,51.07
2025-07-13,Maharashtra,Nashik,Loamy,7.16,0.1,155.11,25.97,328.78,30.67
2024-01-27,Maharashtra,Nashik,Alluvial,6.33,1.04,330.42,29.86,200.84,21.52
2025-05-22,Maharashtra,Sangli,Alluvial,6.25,0.1,439.7,12.53,226.7,41.5
2025-06-10,Maharashtra,Satara,Black,7.08,0.38,304.54,18.99,87.74,37.33
2024-12-30,Maharashtra,Satara,Black,7.86,0.59,348.03,36.77,180.35,50.03
2024-10-24,Maharashtra,Satara,Red,6.81,0.82,404.33,14.78,213.83,32.55
2024-12-26,Maharashtra,Jalgaon,Loamy,7.1,0.1,193.58,22.67,324.24,34.88
2025-10-07,Maharashtra,Nashik,Red,6.57,0.64,111.39,5.0,92.51,36.21
2025-05-18,Maharashtra,Aurangabad,Loamy,5.72,0.85,312.55,7.18,214.5,39.07
2025-08-10,Maharashtra,Satara,Loamy,7.48,0.9,240.19,23.58,368.68,33.29
2024-01-30,Maharashtra,Dhule,Alluvial,7.44,0.48,150.07,34.28,215.49,31.34
2025-03-14,Maharashtra,Dhule,Black,7.3,0.57,253.75,8.38,50.0,15.8
2024-12-05,Maharashtra,Ahmednagar,Loamy,6.67,0.5,318.2,22.75,387.92,31.22
2024-05-05,Maharashtra,Sangli,Black,7.22,0.55,248.08,18.24,333.49,46.58
2025-08-18,Maharashtra,Aurangabad,Loamy,7.43,0.39,197.05,31.53,346.94,48.2
2025-07-19,Maharashtra,Solapur,Black,7.93,0.43,242.12,9.82,85.62,32.35
2024-12-31,Maharashtra,Nashik,Red,7.49,0.76,258.44,26.3,411.25,53.59
2025-03-18,Maharashtra,Jalgaon,Black,6.84,0.68,105.64,15.46,182.67,37.66
2024-09-19,Maharashtra,Sangli,Alluvial,5.88,0.77,248.58,24.23,209.06,21.95
2024-08-09,Maharashtra,Pune,Loamy,6.91,0.7,152.45,22.69,189.72,18.17
2024-01-02,Maharashtra,Pune,Alluvial,6.98,0.83,312.72,19.48,354.69,52.62
2025-01-28,Maharashtra,Kolhapur,Loamy,7.3,0.87,135.12,26.78,242.02,33.52
2024-11-01,Maharashtra,Solapur,Alluvial,7.75,0.21,341.02,22.44,308.17,23.43
2024-05-25,Maharashtra,Nashik,Loamy,6.73,0.44,227.27,20.67,267.59,10.89
2025-06-13,Maharashtra,Sangli,Black,8.27,0.59,216.56,18.44,250.5,33.25
2025-06-11,Maharashtra,Pune,Loamy,5.57,0.64,283.56,22.78,165.32,42.86
2024-11-03,Maharashtra,Kolhapur,Alluvial,7.09,0.48,190.72,24.22,441.21,29.63
2025-11-01,Maharashtra,Jalgaon,Alluvial,6.24,0.88,282.3,12.11,113.66,25.36
2024-12-05,Maharashtra,Nashik,Loamy,5.46,1.14,201.43,18.51,301.23,31.41
2024-12-17,Maharashtra,Pune,Loamy,6.66,0.7,215.46,11.45,297.67,52.92
2024-07-27,Maharashtra,Satara,Red,5.78,0.67,292.43,21.6,375.44,21.28
2024-07-23,Maharashtra,Dhule,Red,6.69,0.86,168.91,16.08,398.81,30.3
2025-09-16,Maharashtra,Kolhapur,Black,6.82,0.18,158.85,29.71,246.26,52.53
2025-11-20,Maharashtra,Jalgaon,Black,7.58,0.66,279.86,28.73,313.04,43.93
2025-12-21,Maharashtra,Pune,Black,5.74,0.89,257.85,12.77,436.49,40.15
2025-09-27,Maharashtra,Jalgaon,Black,7.44,0.49,273.5,21.98,253.48,30.22
2024-01-15,Maharashtra,Solapur,Black,6.87,0.34,286.21,28.39,153.36,38.37
2025-03-03,Maharashtra,Ahmednagar,Loamy,7.52,0.6,264.59,20.25,221.55,31.55
2025-04-20,Maharashtra,Kolhapur,Red,6.5,0.63,308.65,14.72,129.54,27.69
2024-10-24,Maharashtra,Sangli,Loamy,5.87,0.42,267.79,11.08,297.18,25.04
2025-07-10,Maharashtra,Sangli,Red,5.95,1.17,99.42,30.54,366.45,47.41
2024-04-03,Maharashtra,Pune,Red,5.9,0.53,120.17,31.03,247.9,37.28
2024-04-16,Maharashtra,Satara,Alluvial,7.13,0.36,414.24,19.92,97.9,41.77
2025-02-22,Maharashtra,Satara,Alluvial,7.83,0.63,260.01,29.66,362.17,39.82
2024-10-04,Maharashtra,Solapur,Red,6.4,0.88,336.02,5.0,82.37,43.29
2024-05-07,Maharashtra,Sangli,Loamy,7.24,0.65,232.34,35.28,105.4,34.94
2025-04-03,Maharashtra,Kolhapur,Red,5.73,0.77,255.36,20.43,242.17,32.22
2024-02-07,Maharashtra,Dhule,Black,,0.43,223.73,23.42,285.18,28.22
2025-08-31,Maharashtra,Satara,Loamy,7.27,1.02,457.27,18.79,302.22,21.03
2024-07-16,Maharashtra,Sangli,Loamy,5.79,0.79,280.26,35.96,253.39,24.54
2025-12-04,Maharashtra,Ahmednagar,Red,6.66,0.91,217.21,11.39,436.0,33.61
2024-12-22,Maharashtra,Kolhapur,Black,7.3,0.74,127.88,36.74,266.52,18.76
2024-01-07,Maharashtra,Dhule,Red,5.0,0.86,417.9,25.96,363.47,21.41
2025-07-09,Maharashtra,Ahmednagar,Black,7.73,0.43,246.94,28.23,338.7,50.51
2024-11-27,Maharashtra,Sangli,Loamy,7.05,0.53,319.54,18.71,130.71,40.69
2025-06-02,Maharashtra,Pune,Red,7.3,0.99,328.48,8.92,243.03,32.58
2024-07-12,Maharashtra,Aurangabad,Black,6.51,1.04,222.97,31.31,472.33,65.26
2024-11-11,Maharashtra,Aurangabad,Alluvial,5.59,0.36,313.8,25.11,209.56,18.22
2024-01-01,Maharashtra,Solapur,Loamy,7.17,0.71,211.67,35.62,192.54,49.71
2024-03-02,Maharashtra,Solapur,Loamy,6.74,0.54,180.77,20.06,277.06,36.66
2024-12-08,Maharashtra,Dhule,Alluvial,6.82,0.48,353.16,17.81,213.15,47.42
2025-08-23,Maharashtra,Ahmednagar,Black,7.56,0.72,247.34,35.88,180.63,39.31
2024-01-18,Maharashtra,Sangli,Loamy,7.33,0.94,301.48,41.12,211.67,15.53
2025-09-11,Maharashtra,Sangli,Black,8.14,0.76,292.87,22.09,403.2,39.15
2025-10-08,Maharashtra,Pune,Alluvial,6.91,0.57,311.03,14.47,246.34,42.03
2025-01-05,Maharashtra,Jalgaon,Red,6.32,0.78,135.48,30.11,127.19,11.7
2025-08-01,Maharashtra,Solapur,Loamy,6.67,0.56,213.18,19.46,108.83,61.33
2025-08-27,Maharashtra,Jalgaon,Loamy,7.09,0.75,234.04,27.99,480.68,41.73
2025-10-11,Maharashtra,Jalgaon,Black,7.51,1.0,193.48,19.41,237.67,46.06
2025-12-01,Maharashtra,Pune,Loamy,5.77,0.13,294.32,37.64,303.46,24.01
2025-07-24,Maharashtra,Jalgaon,Red,6.81,0.85,354.95,15.01,182.86,46.29
2025-11-29,Maharashtra,Jalgaon,Alluvial,7.93,0.27,367.61,26.81,292.1,51.07
2024-08-22,Maharashtra,Pune,Loamy,6.63,0.96,232.86,17.11,405.93,41.04
2024-03-09,Maharashtra,Satara,Alluvial,7.45,0.49,283.36,19.18,194.77,37.89
2025-03-22,Maharashtra,Jalgaon,Black,7.15,0.35,295.65,17.88,305.86,27.28
2025-09-01,Maharashtra,Solapur,Red,7.47,0.82,309.7,29.39,119.43,35.41
2024-01-08,Maharashtra,Pune,Loamy,6.23,0.74,189.75,31.18,462.29,31.86
2025-04-06,Maharashtra,Kolhapur,Alluvial,6.24,0.4,405.65,27.58,286.85,44.86
2024-11-06,Maharashtra,Jalgaon,Red,6.81,0.34,334.12,20.92,218.72,27.8
2024-05-13,Maharashtra,Satara,Alluvial,5.73,0.6,336.21,23.4,230.21,44.78
2025-01-19,Maharashtra,Solapur,Black,6.61,0.35,356.28,30.98,209.0,27.93
2024-02-25,Maharashtra,Nashik,Red,6.98,0.38,302.73,31.29,214.11,34.85
2024-12-25,Maharashtra,Solapur,Red,8.05,0.68,177.81,5.0,50.0,45.39
2024-04-23,Maharashtra,Ahmednagar,Black,7.08,0.41,248.88,19.28,250.2,29.55
2024-03-28,Maharashtra,Kolhapur,Black,7.24,0.76,127.92,19.76,246.01,45.81
2024-05-17,Maharashtra,Aurangabad,Loamy,7.62,1.02,293.21,28.69,308.87,44.64
2024-04-17,Maharashtra,Sangli,Black,6.12,0.61,246.46,21.33,207.69,34.75
2025-05-14,Maharashtra,Ahmednagar,Black,6.68,0.68,256.76,29.19,182.9,51.94
2025-06-18,Maharashtra,Pune,Alluvial,8.5,1.15,356.32,11.21,259.22,38.93
2024-05-23,Maharashtra,Pune,Red,6.74,0.35,223.44,24.6,98.76,51.23
2025-10-17,Maharashtra,Sangli,Alluvial,7.58,0.95,239.83,31.0,274.34,59.52
2024-02-25,Maharashtra,Dhule,Black,7.47,0.92,261.76,7.26,73.82,35.1
2025-09-11,Maharashtra,Dhule,Loamy,5.77,0.86,112.8,47.14,372.08,45.74
2024-01-06,Maharashtra,Sangli,Alluvial,7.02,0.97,238.71,33.91,328.43,30.35
2025-06-25,Maharashtra,Pune,Alluvial,6.9,0.72,80.0,22.01,167.38,25.61
2025-03-22,Maharashtra,Solapur,Red,7.03,0.5,213.16,13.72,326.11,35.65
2025-01-19,Maharashtra,Kolhapur,Red,6.27,0.92,328.42,20.25,271.15,21.65
2024-11-02,Maharashtra,Satara,Red,6.02,0.93,295.78,22.84,159.1,26.75
2025-09-30,Maharashtra,Aurangabad,Loamy,,0.93,212.41,26.41,57.71,45.1
2024-10-28,Maharashtra,Kolhapur,Loamy,6.73,0.66,263.26,37.01,291.64,31.84
2025-09-24,Maharashtra,Sangli,Black,7.63,0.47,174.0,17.24,180.57,46.53
2025-02-08,Maharashtra,Pune,Black,8.07,0.7,259.81,27.63,369.5,41.59
2025-09-02,Maharashtra,Dhule,Red,7.78,0.89,494.43,9.08,261.4,60.21
2025-11-08,Maharashtra,Pune,Alluvial,7.4,0.91,407.66,17.86,190.04,44.29
2025-07-15,Maharashtra,Dhule,Red,6.1,0.54,264.21,25.77,439.78,51.37
2025-05-24,Maharashtra,Kolhapur,Black,6.51,0.73,272.81,28.91,317.64,42.82
2024-03-13,Maharashtra,Ahmednagar,Alluvial,6.95,0.32,181.63,14.47,50.0,41.74
2025-07-17,Maharashtra,Solapur,Black,6.36,0.9,195.86,17.59,211.36,51.98
2024-09-21,Maharashtra,Kolhapur,Loamy,7.2,0.45,288.97,36.61,121.59,46.03
2024-08-14,Maharashtra,Solapur,Red,7.3,0.85,218.01,33.62,180.02,40.52
2024-07-11,Maharashtra,Jalgaon,Red,7.18,0.36,332.33,24.08,245.53,40.47
2025-01-08,Maharashtra,Kolhapur,Alluvial,7.52,0.91,385.57,5.0,295.4,44.46
2024-01-10,Maharashtra,Nashik,Red,6.17,0.73,286.61,47.11,286.14,29.94
2024-10-28,Maharashtra,Nashik,Black,7.45,0.45,268.14,21.8,367.79,29.43
2024-12-24,Maharashtra,Solapur,Black,6.31,0.82,125.54,18.87,323.66,55.1
2024-02-21,Maharashtra,Jalgaon,Loamy,6.14,0.5,319.81,16.78,317.47,60.37
2024-04-08,Maharashtra,Solapur,Black,7.17,0.84,168.51,25.76,280.15,26.85
2025-08-15,Maharashtra,Sangli,Alluvial,7.65,0.58,226.56,25.87,388.68,29.97
2024-01-13,Maharashtra,Nashik,Black,7.14,0.22,,31.51,228.37,51.71
2025-01-24,Maharashtra,Pune,Loamy,6.81,0.4,342.38,12.74,230.97,44.4
2024-12-22,Maharashtra,Solapur,Loamy,7.02,0.54,222.68,18.88,69.44,46.12
2025-10-01,Maharashtra,Solapur,Red,6.9,0.99,227.29,42.31,365.62,48.76
2024-01-11,Maharashtra,Aurangabad,Alluvial,6.01,0.88,204.05,24.25,252.31,35.11
2024-03-21,Maharashtra,Satara,Black,5.93,1.06,164.17,20.27,553.36,41.96
2024-09-17,Maharashtra,Satara,Loamy,6.74,1.06,209.22,12.58,219.45,41.03
2024-01-06,Maharashtra,Dhule,Black,6.86,0.52,130.95,27.06,268.86,27.7
2025-04-02,Maharashtra,Jalgaon,Loamy,6.81,0.6,314.65,32.31,314.65,41.78
2025-01-07,Maharashtra,Nashik,Red,7.27,0.55,291.56,30.75,149.81,52.85
2025-04-25,Maharashtra,Nashik,Loamy,6.65,0.48,304.84,19.41,295.85,33.99
2024-08-09,Maharashtra,Satara,Red,7.19,0.19,183.65,25.61,263.47,39.83
2024-03-21,Maharashtra,Solapur,Alluvial,6.7,0.65,164.39,38.72,229.63,40.48
2025-05-29,Maharashtra,Solapur,Black,,0.33,264.28,32.71,377.26,34.58
2024-02-29,Maharashtra,Nashik,Black,6.86,0.64,265.13,14.16,169.63,46.12
2024-08-08,Maharashtra,Jalgaon,Red,8.44,1.18,248.22,5.0,287.49,29.84
2024-12-14,Maharashtra,Ahmednagar,Alluvial,7.05,0.52,236.84,24.97,405.47,53.99
2025-07-14,Maharashtra,Sangli,Red,6.65,0.7,396.86,29.99,189.34,45.51
2024-08-15,Maharashtra,Aurangabad,Loamy,6.17,0.88,294.08,11.11,230.31,26.76
2024-10-16,Maharashtra,Nashik,Red,5.79,0.72,417.65,21.91,494.53,58.38
2024-10-19,Maharashtra,Dhule,Alluvial,6.11,0.72,361.52,19.36,307.44,40.02
2024-07-11,Maharashtra,Ahmednagar,Loamy,6.18,0.56,396.26,23.04,209.38,29.32
2025-04-18,Maharashtra,Nashik,Black,7.08,0.59,174.04,16.55,340.26,51.25
2024-09-13,Maharashtra,Aurangabad,Black,6.43,0.41,307.45,34.91,203.19,43.94
2025-05-20,Maharashtra,Satara,Black,6.93,0.86,225.46,23.48,103.51,16.74
2025-01-22,Maharashtra,Nashik,Alluvial,7.7,0.21,126.93,13.21,397.24,31.69
2025-09-06,Maharashtra,Ahmednagar,Alluvial,6.74,0.89,379.68,31.17,149.69,41.35
2025-02-01,Maharashtra,Sangli,Alluvial,8.26,0.3,236.5,9.36,505.17,12.09
2024-12-31,Maharashtra,Solapur,Alluvial,5.98,0.89,175.59,34.84,211.07,39.02
2025-10-19,Maharashtra,Kolhapur,Alluvial,6.69,0.56,226.83,31.91,473.33,39.9
2024-10-16,Maharashtra,Satara,Loamy,6.42,0.34,196.3,35.9,123.13,23.8
2024-11-04,Maharashtra,Ahmednagar,Red,7.46,0.79,204.5,20.42,362.55,41.25
2024-10-04,Maharashtra,Dhule,Black,5.23,0.88,242.27,17.04,309.97,38.09
2025-04-08,Maharashtra,Dhule,Alluvial,5.79,0.54,398.47,22.84,343.77,23.7
2024-07-07,Maharashtra,Pune,Black,6.72,0.83,206.69,21.16,356.8,49.03
2024-06-26,Maharashtra,Kolhapur,Alluvial,7.89,0.1,392.74,15.47,210.23,48.05
2025-06-11,Maharashtra,Nashik,Black,6.96,0.32,327.91,16.46,129.12,34.52
2025-01-09,Maharashtra,Pune,Red,5.85,0.97,291.7,18.34,254.91,35.62
2025-08-20,Maharashtra,Dhule,Black,5.96,0.59,319.85,10.3,282.3,46.72
2025-03-29,Maharashtra,Nashik,Black,7.97,0.18,261.09,28.78,212.82,35.59
2024-08-04,Maharashtra,Pune,Alluvial,6.37,0.48,362.88,21.48,287.76,14.83
2024-02-11,Maharashtra,Nashik,Loamy,6.14,0.42,305.36,18.92,292.96,43.84
2024-07-12,Maharashtra,Sangli,Loamy,7.83,0.61,126.83,10.9,169.0,28.24
2024-11-22,Maharashtra,Kolhapur,Black,7.51,0.56,283.7,10.4,299.5,33.32
2025-01-07,Maharashtra,Satara,Loamy,7.69,0.69,322.72,41.36,233.28,55.49
2025-04-09,Maharashtra,Satara,Red,6.13,0.63,236.88,15.73,190.0,36.39
2024-06-11,Maharashtra,Satara,Red,5.73,0.99,270.1,28.11,338.74,38.02
2024-10-02,Maharashtra,Dhule,Loamy,6.89,0.76,210.97,23.63,182.3,44.12
2024-12-29,Maharashtra,Sangli,Loamy,7.03,0.76,149.79,5.0,214.33,44.06
2025-10-03,Maharashtra,Aurangabad,Red,7.06,0.94,135.97,39.92,267.21,26.97
2025-04-24,Maharashtra,Kolhapur,Loamy,7.83,0.55,137.03,28.84,397.43,37.28
2025-11-19,Maharashtra,Ahmednagar,Loamy,5.59,0.33,313.52,14.32,279.28,38.43
2025-04-04,Maharashtra,Jalgaon,Alluvial,7.4,0.95,80.0,21.72,312.83,41.26
2024-09-21,Maharashtra,Aurangabad,Alluvial,6.03,0.68,206.68,10.51,230.24,41.47
2025-06-22,Maharashtra,Ahmednagar,Loamy,7.4,0.68,198.75,40.26,252.15,69.05
2025-01-20,Maharashtra,Satara,Loamy,6.47,0.49,237.43,12.92,255.11,23.89
2024-03-25,Maharashtra,Ahmednagar,Alluvial,6.23,0.5,111.49,16.77,289.33,49.76
2025-12-08,Maharashtra,Nashik,Alluvial,6.37,0.86,292.31,14.7,230.4,52.2
2024-11-11,Maharashtra,Nashik,Loamy,5.79,0.9,158.15,22.8,394.0,43.91
2024-08-30,Maharashtra,Ahmednagar,Alluvial,6.83,0.85,350.59,35.7,222.68,30.2
2025-04-13,Maharashtra,Solapur,Red,6.26,0.85,210.26,39.89,89.28,57.98
2024-12-07,Maharashtra,Pune,Black,7.35,0.79,252.35,18.01,534.28,11.7
2024-06-25,Maharashtra,Jalgaon,Red,7.25,0.68,260.3,25.78,227.26,29.8
2024-05-09,Maharashtra,Dhule,Alluvial,7.98,0.61,279.54,22.82,391.32,52.06
2025-10-18,Maharashtra,Ahmednagar,Red,7.06,0.95,262.96,12.18,400.48,33.56
2024-03-23,Maharashtra,Kolhapur,Black,7.16,0.56,225.83,46.23,354.52,57.16
2024-12-25,Maharashtra,Solapur,Alluvial,7.78,0.74,287.44,35.63,240.2,19.86
2024-03-28,Maharashtra,Sangli,Red,6.36,0.45,297.29,23.89,288.67,24.65
2025-06-15,Maharashtra,Solapur,Red,5.76,0.49,198.79,37.82,132.55,31.62
2025-09-29,Maharashtra,Jalgaon,Black,6.94,0.59,294.11,34.12,459.01,43.01
2025-04-15,Maharashtra,Kolhapur,Alluvial,5.8,0.45,355.34,22.82,174.82,35.34
2025-05-12,Maharashtra,Solapur,Loamy,8.5,0.85,316.47,25.26,234.61,32.12
2025-05-21,Maharashtra,Dhule,Alluvial,7.82,0.31,334.59,37.12,269.9,55.04
2024-12-19,Maharashtra,Pune,Black,8.31,0.67,273.75,12.54,249.26,56.16
2025-02-19,Maharashtra,Kolhapur,Black,6.84,0.68,185.11,38.74,194.31,33.03
2024-02-20,Maharashtra,Nashik,Black,7.19,0.2,195.23,19.75,399.43,17.48
2025-08-22,Maharashtra,Dhule,Black,6.48,0.54,285.59,37.25,355.03,12.11
2025-11-12,Maharashtra,Satara,Loamy,7.42,0.71,335.42,21.95,292.2,40.87
2024-03-03,Maharashtra,Sangli,Alluvial,5.95,0.76,482.87,25.38,220.04,45.87
2024-03-29,Maharashtra,Jalgaon,Alluvial,5.02,0.6,338.55,21.66,366.43,38.76
2025-12-01,Maharashtra,Jalgaon,Red,6.25,0.82,166.37,16.68,213.55,37.15
2024-07-08,Maharashtra,Ahmednagar,Loamy,5.78,0.62,198.62,19.3,417.04,28.35
2025-08-23,Maharashtra,Jalgaon,Loamy,7.83,0.65,442.28,35.79,271.12,45.86
2024-12-13,Maharashtra,Jalgaon,Red,8.07,0.71,242.85,5.0,382.98,58.14
2025-06-21,Maharashtra,Pune,Red,5.82,0.88,263.8,9.61,248.62,11.4
2024-06-24,Maharashtra,Sangli,Alluvial,7.7,0.48,183.17,14.75,267.15,37.07
2024-12-29,Maharashtra,Pune,Alluvial,7.47,0.53,385.21,11.22,382.54,26.36
2025-07-07,Maharashtra,Nashik,Alluvial,5.7,0.48,300.03,37.1,479.39,20.11
2025-04-27,Maharashtra,Kolhapur,Loamy,6.53,0.57,198.03,34.58,416.04,24.44
2024-04-28,Maharashtra,Solapur,Loamy,6.39,1.01,180.49,27.92,347.71,42.56
2024-06-17,Maharashtra,Sangli,Red,7.32,0.79,284.58,15.62,318.93,42.86
2025-09-11,Maharashtra,Solapur,Black,5.94,0.37,263.54,35.35,209.31,55.52
2024-05-26,Maharashtra,Satara,Black,6.73,0.5,326.57,6.12,289.52,38.11
2025-11-18,Maharashtra,Pune,Black,6.32,0.74,303.76,43.42,168.7,16.9
2025-03-12,Maharashtra,Dhule,Black,7.13,0.42,238.84,15.15,297.58,35.14
2025-03-14,Maharashtra,Solapur,Black,6.65,0.47,216.5,19.38,304.01,21.36
2024-07-07,Maharashtra,Dhule,Alluvial,6.43,0.99,247.2,17.71,63.92,23.52
2024-06-08,Maharashtra,Ahmednagar,Red,6.65,0.5,215.95,11.27,263.87,44.97
2025-02-05,Maharashtra,Sangli,Black,8.23,0.89,249.58,41.25,301.49,40.33
2025-08-08,Maharashtra,Ahmednagar,Black,6.51,0.96,261.32,29.89,251.63,45.05
2024-01-18,Maharashtra,Kolhapur,Black,6.07,0.47,188.17,34.15,295.8,33.71
2024-05-19,Maharashtra,Ahmednagar,Alluvial,7.21,0.43,310.45,9.76,125.83,47.49
2024-04-24,Maharashtra,Dhule,Black,6.7,0.58,230.37,23.81,182.41,33.04
2024-11-23,Maharashtra,Jalgaon,Red,5.81,0.38,192.65,27.21,363.49,51.4
2024-08-12,Maharashtra,Pune,Alluvial,8.36,0.68,231.87,24.71,260.06,42.14
2025-07-11,Maharashtra,Ahmednagar,Alluvial,6.55,0.6,279.38,10.4,293.99,35.52
2025-03-14,Maharashtra,Kolhapur,Loamy,6.54,0.74,,32.76,205.35,40.55
2025-07-03,Maharashtra,Sangli,Loamy,6.91,1.0,293.77,23.22,261.95,37.79
2025-12-18,Maharashtra,Aurangabad,Alluvial,8.01,0.85,331.87,12.45,50.0,57.15
2025-01-20,Maharashtra,Kolhapur,Black,5.62,0.77,364.4,5.0,344.6,40.95
2025-06-04,Maharashtra,Pune,Black,6.99,0.16,282.84,28.07,440.79,37.98
2024-09-09,Maharashtra,Solapur,Black,8.26,0.76,,46.5,153.5,35.14
2025-09-11,Maharashtra,Nashik,Black,6.89,1.08,238.47,11.85,165.97,48.12
2024-04-07,Maharashtra,Sangli,Loamy,5.94,0.1,,23.7,304.09,46.49
2024-03-11,Maharashtra,Dhule,Red,6.37,0.82,395.75,33.1,407.39,34.71
2025-07-04,Maharashtra,Nashik,Alluvial,6.94,0.61,418.99,9.3,259.79,24.13
2025-03-22,Maharashtra,Kolhapur,Black,7.73,0.44,312.02,17.2,137.07,27.18
2024-03-30,Maharashtra,Kolhapur,Loamy,6.56,0.85,328.68,13.4,239.14,35.79
2025-03-05,Maharashtra,Kolhapur,Red,7.38,1.08,280.08,31.85,157.01,54.19
2024-08-06,Maharashtra,Nashik,Alluvial,5.8,0.84,289.28,35.26,193.12,35.0
2024-04-16,Maharashtra,Ahmednagar,Alluvial,5.79,0.56,,23.59,229.6,30.87
2025-04-20,Maharashtra,Pune,Alluvial,6.46,0.41,254.09,13.58,167.07,16.87
2025-03-29,Maharashtra,Sangli,Black,7.81,0.69,189.51,17.57,182.21,56.16
2025-08-30,Maharashtra,Pune,Alluvial,6.85,0.87,282.51,15.7,267.45,44.83
2025-06-27,Maharashtra,Sangli,Black,7.0,0.55,255.23,12.23,281.5,47.55
2024-05-05,Maharashtra,Sangli,Red,6.99,0.58,415.75,20.98,117.6,49.54
2024-05-26,Maharashtra,Solapur,Loamy,7.58,1.36,333.33,27.75,299.64,36.02
2024-10-06,Maharashtra,Kolhapur,Loamy,6.37,0.92,282.76,26.9,221.81,39.02
2024-01-24,Maharashtra,Aurangabad,Loamy,7.28,0.94,238.64,21.92,332.03,55.86
2025-12-21,Maharashtra,Satara,Alluvial,6.22,0.28,394.08,22.57,338.05,40.15
2024-04-29,Maharashtra,Pune,Loamy,8.19,0.47,257.6,21.18,205.55,45.05
2025-10-13,Maharashtra,Solapur,Red,6.24,0.67,286.53,9.03,321.41,48.45
2024-10-23,Maharashtra,Kolhapur,Black,6.18,0.4,263.38,23.6,176.3,45.72
2024-03-22,Maharashtra,Jalgaon,Loamy,7.18,1.05,227.67,16.16,392.38,36.46
2025-03-23,Maharashtra,Jalgaon,Black,6.86,1.0,262.92,8.53,180.09,37.59
2025-12-20,Maharashtra,Ahmednagar,Black,7.03,0.52,103.04,25.71,295.27,47.33
2025-04-14,Maharashtra,Nashik,Loamy,6.96,1.1,136.18,15.88,241.24,47.31
2025-02-26,Maharashtra,Jalgaon,Loamy,6.04,0.65,287.97,24.28,158.31,52.02
2025-06-28,Maharashtra,Dhule,Loamy,7.93,1.3,385.46,30.48,350.09,44.61
2024-01-24,Maharashtra,Kolhapur,Alluvial,7.43,0.69,287.86,12.5,198.59,45.16
2024-03-01,Maharashtra,Satara,Loamy,7.75,0.79,202.37,22.92,89.99,32.65
2025-12-01,Maharashtra,Aurangabad,Alluvial,6.43,1.0,144.57,5.0,50.0,31.03
2024-03-24,Maharashtra,Kolhapur,Red,7.09,0.97,322.76,37.33,172.5,47.37
2024-08-12,Maharashtra,Jalgaon,Black,6.94,0.78,214.62,8.41,397.59,31.11
2025-11-10,Maharashtra,Satara,Red,7.59,0.61,311.46,16.85,385.77,37.75
2024-07-04,Maharashtra,Aurangabad,Loamy,7.61,0.78,291.19,35.38,188.14,54.55
2025-01-09,Maharashtra,Ahmednagar,Black,6.94,0.45,298.26,19.65,222.55,52.65
2024-03-12,Maharashtra,Ahmednagar,Loamy,5.74,0.69,262.69,10.03,213.51,41.62
2024-03-14,Maharashtra,Solapur,Loamy,8.05,0.37,290.69,29.13,126.66,34.45
2024-12-06,Maharashtra,Aurangabad,Black,7.19,0.2,250.44,28.91,165.12,36.52
2024-06-01,Maharashtra,Aurangabad,Red,6.37,0.66,209.18,15.67,358.11,48.41
2024-04-05,Maharashtra,Dhule,Loamy,7.08,0.97,182.92,16.75,310.39,37.56
2025-07-18,Maharashtra,Aurangabad,Black,5.74,0.88,80.0,17.65,287.31,31.3
2025-03-20,Maharashtra,Jalgaon,Red,7.54,0.63,245.51,19.93,126.49,52.59
2025-11-16,Maharashtra,Dhule,Alluvial,5.77,1.09,381.55,5.0,270.07,40.18
2024-04-19,Maharashtra,Aurangabad,Red,6.65,0.51,318.41,20.19,50.0,31.07
2025-04-02,Maharashtra,Pune,Red,6.97,0.17,278.22,39.84,344.28,43.75
2024-02-20,Maharashtra,Solapur,Black,7.53,0.1,201.28,13.04,285.86,49.65
2025-01-11,Maharashtra,Solapur,Red,6.87,0.35,339.79,16.17,125.48,25.91
2024-03-13,Maharashtra,Pune,Alluvial,,0.85,250.46,10.16,421.64,35.59
2024-07-30,Maharashtra,Dhule,Alluvial,6.78,0.49,385.99,28.12,80.38,35.04
2025-03-07,Maharashtra,Ahmednagar,Loamy,6.78,0.77,181.51,34.03,313.03,43.43
2025-12-24,Maharashtra,Pune,Alluvial,6.86,1.06,200.0,33.8,315.52,45.58
2024-06-16,Maharashtra,Kolhapur,Loamy,6.67,0.37,192.22,9.52,136.03,31.38
2024-11-26,Maharashtra,Nashik,Alluvial,5.62,0.77,141.43,27.0,256.21,20.09
2025-05-08,Maharashtra,Satara,Red,6.26,0.78,185.04,36.34,96.32,50.38
2024-05-22,Maharashtra,Ahmednagar,Loamy,6.97,0.43,268.26,27.1,50.0,24.56
2025-08-04,Maharashtra,Ahmednagar,Alluvial,6.63,0.99,203.02,26.78,153.21,41.25
2025-03-20,Maharashtra,Sangli,Red,6.69,0.58,80.0,17.28,198.34,36.42
2025-01-28,Maharashtra,Ahmednagar,Red,6.57,0.55,345.94,24.2,324.43,39.95
2025-05-26,Maharashtra,Solapur,Loamy,6.2,1.18,125.27,34.36,266.74,57.81
2025-11-16,Maharashtra,Ahmednagar,Black,,0.78,307.14,25.28,269.35,74.46
2025-09-12,Maharashtra,Kolhapur,Red,6.59,0.88,262.5,9.52,158.56,18.4
2025-12-15,Maharashtra,Ahmednagar,Red,6.8,0.99,429.39,17.44,207.0,49.81
2025-11-27,Maharashtra,Aurangabad,Black,7.08,0.49,339.76,34.09,167.01,36.13
2024-11-23,Maharashtra,Solapur,Loamy,6.67,0.96,219.63,25.25,137.5,50.57
2025-08-26,Maharashtra,Pune,Alluvial,6.08,0.52,203.83,23.19,200.63,49.49
2024-09-15,Maharashtra,Pune,Alluvial,5.82,0.51,380.22,16.46,267.45,54.92
2025-03-12,Maharashtra,Jalgaon,Red,8.5,0.58,141.93,33.89,202.74,41.42
2025-12-18,Maharashtra,Nashik,Black,6.01,0.49,275.27,38.62,227.65,27.33
2025-07-17,Maharashtra,Nashik,Red,6.44,0.86,249.51,34.63,329.49,49.13
2024-12-14,Maharashtra,Aurangabad,Loamy,7.16,0.72,232.54,36.43,209.92,39.42
2025-11-23,Maharashtra,Nashik,Red,7.05,0.53,288.28,18.41,126.6,35.19
2025-05-29,Maharashtra,Ahmednagar,Alluvial,7.16,0.82,275.16,17.0,316.35,32.29
2025-03-24,Maharashtra,Pune,Black,6.49,0.58,296.59,20.44,286.58,50.08
2025-02-02,Maharashtra,Ahmednagar,Loamy,6.97,0.57,271.12,22.39,292.87,57.24
2025-08-18,Maharashtra,Sangli,Red,6.84,0.66,293.41,36.31,322.58,23.66
2024-08-01,Maharashtra,Jalgaon,Alluvial,6.58,0.77,267.47,33.66,305.66,45.46
2025-06-29,Maharashtra,Pune,Red,6.97,0.75,207.25,27.38,262.87,33.53
2025-07-15,Maharashtra,Nashik,Alluvial,7.54,0.56,260.32,7.69,499.15,20.39
2024-10-15,Maharashtra,Satara,Black,6.78,0.86,202.85,5.12,131.5,39.77
2024-09-15,Maharashtra,Ahmednagar,Loamy,6.79,0.59,197.57,24.4,201.36,28.0
2024-09-14,Maharashtra,Kolhapur,Red,7.55,0.49,233.11,30.8,356.73,19.07
2025-01-22,Maharashtra,Satara,Loamy,7.47,0.28,250.45,21.2,274.26,28.62
2025-11-24,Maharashtra,Kolhapur,Black,7.91,0.9,262.82,41.15,335.79,25.67
2025-06-28,Maharashtra,Sangli,Alluvial,5.57,0.65,333.31,11.18,276.98,30.24
2024-09-21,Maharashtra,Nashik,Black,7.43,0.7,220.12,9.92,397.41,22.09
2024-11-08,Maharashtra,Ahmednagar,Black,7.22,0.91,275.75,15.36,159.25,33.26
2024-02-09,Maharashtra,Ahmednagar,Loamy,6.18,0.53,269.44,14.98,394.25,29.44
2024-07-28,Maharashtra,Kolhapur,Black,6.98,0.31,211.31,27.26,377.1,42.51
2024-09-28,Maharashtra,Ahmednagar,Red,7.54,0.67,265.9,17.78,138.97,45.12
2024-05-15,Maharashtra,Sangli,Alluvial,6.22,0.73,340.22,6.52,323.07,41.12
2025-08-21,Maharashtra,Solapur,Black,7.11,0.58,274.92,30.92,255.7,35.17
2024-02-29,Maharashtra,Solapur,Red,7.41,1.02,278.13,5.0,199.34,34.85
2025-05-24,Maharashtra,Kolhapur,Alluvial,6.05,0.1,203.57,11.29,71.14,27.96
2025-11-06,Maharashtra,Nashik,Loamy,6.7,0.93,417.51,5.77,158.92,28.24
2025-05-29,Maharashtra,Kolhapur,Alluvial,7.01,0.85,208.13,24.07,330.81,46.44
2024-01-15,Maharashtra,Dhule,Loamy,6.24,0.76,126.58,23.86,341.38,16.88
2025-09-05,Maharashtra,Ahmednagar,Alluvial,6.18,0.1,328.81,41.16,238.93,37.03
2024-09-11,Maharashtra,Ahmednagar,Black,6.71,0.97,250.81,31.14,341.7,34.12
2025-12-22,Maharashtra,Solapur,Loamy,7.36,0.39,235.76,36.42,354.53,45.19
2025-06-18,Maharashtra,Satara,Loamy,7.25,0.52,216.36,24.89,275.46,20.9
2024-08-22,Maharashtra,Kolhapur,Loamy,6.2,0.61,409.74,12.23,187.77,38.15
2024-05-10,Maharashtra,Nashik,Black,7.26,0.75,288.37,23.28,304.11,42.12
2025-10-31,Maharashtra,Solapur,Black,6.21,0.81,303.98,27.92,308.7,15.14
2025-11-15,Maharashtra,Kolhapur,Alluvial,5.67,0.87,273.01,29.04,327.39,25.11
2024-01-17,Maharashtra,Pune,Alluvial,6.54,0.85,281.6,17.28,346.54,36.9
2024-07-03,Maharashtra,Nashik,Black,7.59,0.71,371.89,26.89,123.78,44.17
2025-01-25,Maharashtra,Nashik,Black,7.26,0.75,239.93,12.67,209.01,40.19
2025-02-26,Maharashtra,Aurangabad,Loamy,6.8,0.38,143.44,11.57,70.14,44.73
2025-03-17,Maharashtra,Satara,Alluvial,6.51,0.46,329.44,10.84,334.7,25.05
2025-11-26,Maharashtra,Sangli,Alluvial,6.53,0.87,299.74,22.25,238.77,18.93
2025-10-16,Maharashtra,Nashik,Loamy,6.88,0.86,268.64,10.22,303.08,39.01
2025-07-09,Maharashtra,Aurangabad,Loamy,6.05,0.83,297.66,17.75,112.43,23.25
2024-01-12,Maharashtra,Ahmednagar,Loamy,6.56,0.52,230.34,31.03,400.1,27.62
2025-06-03,Maharashtra,Kolhapur,Red,6.65,0.88,261.66,11.71,140.57,49.19
2024-03-20,Maharashtra,Jalgaon,Red,5.85,0.36,249.46,16.96,337.46,40.27
2025-11-04,Maharashtra,Jalgaon,Black,6.21,0.92,212.68,22.72,271.8,31.18
2024-10-28,Maharashtra,Satara,Alluvial,7.09,0.58,355.13,24.47,241.06,29.62
2024-08-03,Maharashtra,Ahmednagar,Loamy,6.81,1.07,147.02,17.01,232.98,45.45
2024-09-04,Maharashtra,Nashik,Loamy,6.58,0.27,448.87,29.87,196.19,40.54
2025-06-24,Maharashtra,Ahmednagar,Alluvial,6.16,1.09,330.19,27.9,389.52,23.43
2024-09-28,Maharashtra,Aurangabad,Red,7.9,0.56,117.76,33.4,261.26,14.63
2024-05-12,Maharashtra,Pune,Alluvial,6.21,0.56,242.07,21.18,133.08,60.58
2024-01-05,Maharashtra,Sangli,Black,6.98,0.7,246.52,16.87,221.6,23.33
2025-06-25,Maharashtra,Dhule,Red,6.46,0.48,291.35,15.17,272.83,44.33
2025-09-20,Maharashtra,Sangli,Alluvial,6.83,0.63,180.85,25.07,349.78,56.13
2025-11-20,Maharashtra,Nashik,Alluvial,7.12,0.47,262.56,18.23,199.54,39.77
2024-05-20,Maharashtra,Ahmednagar,Black,5.84,0.47,250.31,16.31,206.22,30.79
2025-04-27,Maharashtra,Sangli,Alluvial,6.8,0.77,200.99,17.52,262.34,20.89
2024-10-31,Maharashtra,Kolhapur,Red,7.63,0.42,189.86,15.16,347.34,20.72
2024-12-10,Maharashtra,Sangli,Loamy,8.03,0.46,333.5,23.99,123.12,42.52
2025-07-15,Maharashtra,Aurangabad,Loamy,6.71,0.31,124.27,7.87,310.54,55.41
2024-09-26,Maharashtra,Sangli,Loamy,6.83,0.52,298.23,25.03,213.59,33.25
2024-04-17,Maharashtra,Kolhapur,Red,8.35,0.98,323.8,28.77,227.56,31.33
2025-07-11,Maharashtra,Dhule,Alluvial,7.59,0.44,242.52,16.19,460.16,46.37
2025-04-18,Maharashtra,Dhule,Alluvial,6.37,0.47,264.19,41.22,240.35,29.77
2024-03-22,Maharashtra,Kolhapur,Alluvial,6.37,0.7,353.08,22.18,335.47,41.29
2025-09-29,Maharashtra,Ahmednagar,Alluvial,7.47,0.56,203.61,6.39,331.89,38.5
2024-03-24,Maharashtra,Pune,Loamy,6.09,1.21,211.87,19.19,142.0,33.09
2024-10-16,Maharashtra,Nashik,Red,7.56,0.61,220.36,22.63,75.46,37.81
2024-03-11,Maharashtra,Satara,Black,7.03,0.73,353.23,26.49,342.1,59.16
2024-06-23,Maharashtra,Jalgaon,Red,7.16,0.89,363.38,19.43,151.65,45.25
2025-04-07,Maharashtra,Ahmednagar,Alluvial,6.62,0.88,148.33,11.88,93.58,51.11
2025-01-29,Maharashtra,Sangli,Alluvial,6.36,0.71,340.5,11.05,362.62,26.98
2024-03-31,Maharashtra,Jalgaon,Red,7.82,0.61,325.51,15.46,158.06,51.15
2025-04-13,Maharashtra,Jalgaon,Red,6.63,1.16,384.29,16.42,182.75,45.67
2025-03-09,Maharashtra,Kolhapur,Loamy,6.51,0.63,290.81,10.65,457.44,20.0
2024-09-05,Maharashtra,Solapur,Alluvial,6.74,0.54,256.46,14.67,94.03,44.48
2025-10-05,Maharashtra,Pune,Red,6.94,0.49,351.62,28.59,134.37,31.84
2025-11-11,Maharashtra,Pune,Alluvial,6.08,0.22,315.91,38.48,214.03,19.45
2025-07-25,Maharashtra,Solapur,Red,6.4,0.86,439.59,29.55,235.97,39.56
2024-08-28,Maharashtra,Nashik,Alluvial,6.37,0.1,336.7,35.06,170.63,44.47
2025-12-02,Maharashtra,Solapur,Red,7.39,0.65,272.28,31.74,144.13,39.82
2025-05-10,Maharashtra,Satara,Alluvial,6.18,0.6,166.07,30.33,411.0,36.69
2024-12-05,Maharashtra,Satara,Black,5.57,1.21,213.53,18.62,286.3,34.03
2025-04-15,Maharashtra,Kolhapur,Loamy,5.42,0.19,145.12,23.41,318.52,67.6
2025-04-07,Maharashtra,Sangli,Black,5.77,0.42,242.8,17.79,246.28,23.81
2024-10-01,Maharashtra,Jalgaon,Loamy,7.75,0.62,334.09,19.81,288.95,48.48
2024-01-15,Maharashtra,Pune,Loamy,6.81,0.6,259.71,22.68,353.29,38.19
2024-02-10,Maharashtra,Pune,Red,7.15,0.51,341.74,29.14,160.37,27.75
2024-07-26,Maharashtra,Solapur,Black,7.18,0.63,287.01,26.23,286.48,37.42
2024-02-29,Maharashtra,Solapur,Loamy,6.84,0.34,227.75,20.38,329.6,21.28
2024-12-30,Maharashtra,Solapur,Alluvial,6.75,0.74,267.01,22.56,414.48,30.85
2024-08-27,Maharashtra,Nashik,Red,7.53,0.1,297.77,26.33,454.79,37.44
2025-08-30,Maharashtra,Solapur,Red,6.9,0.64,271.14,28.67,266.99,19.39
2024-06-08,Maharashtra,Sangli,Alluvial,7.78,0.5,272.05,6.81,373.86,44.08
2025-01-31,Maharashtra,Jalgaon,Alluvial,7.23,0.9,198.48,11.23,50.0,26.43
2025-05-14,Maharashtra,Ahmednagar,Loamy,6.37,1.09,225.36,33.07,415.23,20.58
2024-07-27,Maharashtra,Ahmednagar,Alluvial,6.45,0.57,440.68,21.39,187.41,25.03
2024-05-12,Maharashtra,Sangli,Red,6.29,1.0,358.28,17.76,235.89,64.11
2025-01-15,Maharashtra,Aurangabad,Alluvial,7.65,0.57,142.09,19.37,304.11,14.26
2025-03-08,Maharashtra,Satara,Black,6.52,0.41,80.0,19.36,244.66,43.23
2025-08-31,Maharashtra,Ahmednagar,Red,6.24,1.09,266.1,27.58,279.65,28.98
2025-12-31,Maharashtra,Nashik,Alluvial,7.02,0.78,331.48,10.92,418.77,33.8
2025-01-23,Maharashtra,Aurangabad,Red,6.73,0.65,218.4,22.25,221.58,45.25
2025-08-05,Maharashtra,Dhule,Loamy,7.01,0.82,341.73,24.46,151.31,44.66
2025-03-07,Maharashtra,Nashik,Black,8.12,0.72,264.77,25.96,441.35,29.83
2024-09-30,Maharashtra,Pune,Loamy,7.44,0.63,246.96,24.23,312.68,21.71
2024-12-16,Maharashtra,Ahmednagar,Black,6.82,0.32,320.49,27.16,452.22,45.47
2024-05-13,Maharashtra,Satara,Alluvial,5.81,0.58,217.45,16.27,346.36,44.63
2024-03-06,Maharashtra,Solapur,Red,6.45,0.81,237.06,12.58,127.64,34.58
2025-09-30,Maharashtra,Solapur,Alluvial,7.3,0.62,313.61,46.57,324.54,43.3
2024-07-23,Maharashtra,Jalgaon,Loamy,5.98,0.88,257.49,18.99,161.61,32.65
2024-10-24,Maharashtra,Satara,Red,8.3,0.75,412.7,20.16,260.74,28.08
2024-04-26,Maharashtra,Pune,Alluvial,6.81,0.43,315.51,28.78,252.43,38.05
2024-09-23,Maharashtra,Kolhapur,Alluvial,6.83,0.32,310.31,37.96,98.23,44.23
2024-05-28,Maharashtra,Ahmednagar,Red,6.33,0.61,256.04,16.55,178.72,41.71
2024-07-12,Maharashtra,Jalgaon,Red,7.15,0.52,329.98,12.01,480.52,44.11
2025-11-10,Maharashtra,Satara,Loamy,5.99,0.73,234.19,9.58,283.84,28.87
2024-06-27,Maharashtra,Dhule,Black,8.32,0.47,282.59,37.93,242.44,56.98
2024-05-27,Maharashtra,Nashik,Black,7.72,0.5,186.7,11.62,441.29,33.89
2025-04-09,Maharashtra,Pune,Red,7.49,0.91,343.16,21.72,220.38,36.57
2025-07-22,Maharashtra,Satara,Black,5.83,0.69,283.25,12.23,250.86,22.18
2024-01-05,Maharashtra,Ahmednagar,Loamy,6.94,0.47,418.6,7.52,359.08,35.67
2025-06-09,Maharashtra,Nashik,Black,7.65,0.65,451.38,19.08,219.93,44.39
2024-10-06,Maharashtra,Satara,Red,7.22,0.99,,12.62,185.35,47.15
2025-05-13,Maharashtra,Sangli,Loamy,6.1,0.72,265.47,15.08,50.0,56.74
2025-03-11,Maharashtra,Jalgaon,Red,,0.8,184.31,42.06,166.35,44.24
2024-08-03,Maharashtra,Satara,Loamy,6.48,0.46,332.38,26.25,165.4,41.32
2025-11-17,Maharashtra,Sangli,Loamy,6.38,0.91,276.82,31.31,275.86,32.64
2025-05-29,Maharashtra,Nashik,Red,7.87,1.23,303.04,30.25,198.95,30.06
2024-05-16,Maharashtra,Nashik,Alluvial,5.46,0.45,398.38,20.99,475.8,49.64
2025-09-03,Maharashtra,Nashik,Red,7.26,0.35,194.05,17.6,154.24,49.41
2025-08-17,Maharashtra,Kolhapur,Loamy,5.9,0.69,186.06,24.49,400.06,25.08
2024-10-06,Maharashtra,Satara,Red,6.13,0.87,241.09,23.68,281.98,46.68
2024-05-11,Maharashtra,Sangli,Red,5.39,0.63,325.7,16.31,340.68,45.8
2025-01-27,Maharashtra,Solapur,Loamy,6.42,0.39,304.39,23.3,334.6,24.63
2025-04-25,Maharashtra,Dhule,Black,7.86,0.62,188.34,14.94,50.0,44.49
2025-05-27,Maharashtra,Dhule,Loamy,6.99,0.8,320.52,20.29,258.84,25.41
2025-09-19,Maharashtra,Sangli,Red,5.96,0.55,163.9,18.65,233.78,10.0
2025-02-22,Maharashtra,Solapur,Loamy,7.51,0.8,192.98,9.31,146.7,36.08
2024-07-20,Maharashtra,Pune,Loamy,7.66,0.94,250.76,5.0,305.96,41.09
2025-10-13,Maharashtra,Kolhapur,Black,6.87,0.71,215.73,12.61,431.65,36.62
2025-10-19,Maharashtra,Sangli,Alluvial,8.22,0.64,331.19,40.04,50.0,72.41
2025-04-06,Maharashtra,Ahmednagar,Red,7.38,0.86,282.91,18.9,206.55,42.55
2024-07-20,Maharashtra,Jalgaon,Red,7.28,0.44,401.24,29.76,135.42,39.77
2024-05-31,Maharashtra,Jalgaon,Black,6.24,0.41,240.23,5.0,267.18,43.16
2024-08-09,Maharashtra,Aurangabad,Loamy,7.24,0.58,250.22,11.92,227.44,32.7
2024-03-19,Maharashtra,Dhule,Alluvial,6.95,0.53,356.83,8.46,199.43,49.15
2024-07-18,Maharashtra,Nashik,Red,7.16,0.45,252.73,19.98,328.95,42.33
2024-04-08,Maharashtra,Ahmednagar,Alluvial,6.32,1.11,379.52,46.22,423.62,41.78
2024-07-31,Maharashtra,Pune,Alluvial,6.89,1.19,303.27,26.6,526.13,30.51
2024-05-22,Maharashtra,Solapur,Loamy,6.23,0.56,80.0,38.96,186.04,19.23
2025-12-02,Maharashtra,Pune,Loamy,5.3,0.67,354.21,19.46,77.91,31.98
2025-01-23,Maharashtra,Dhule,Loamy,7.5,0.6,333.02,35.65,315.92,41.39
2025-01-08,Maharashtra,Nashik,Red,5.75,0.93,336.11,42.73,421.05,32.66
2024-02-21,Maharashtra,Solapur,Alluvial,6.88,0.98,107.12,20.91,341.37,41.5
2025-09-15,Maharashtra,Sangli,Alluvial,7.03,0.21,206.96,16.61,420.63,35.21
2024-05-14,Maharashtra,Aurangabad,Red,7.03,0.77,212.9,8.82,237.45,43.17
2025-02-14,Maharashtra,Solapur,Black,6.6,0.32,192.71,18.91,199.04,26.28
2025-04-14,Maharashtra,Dhule,Loamy,6.99,1.09,399.35,22.82,271.54,40.31
2024-04-21,Maharashtra,Pune,Red,7.13,0.76,259.06,42.31,226.94,30.31
2025-06-08,Maharashtra,Jalgaon,Loamy,7.31,0.44,257.08,9.05,326.31,19.54
2024-02-13,Maharashtra,Pune,Alluvial,8.01,0.59,304.16,22.6,356.98,36.02
2025-01-31,Maharashtra,Pune,Red,6.96,0.58,305.54,5.0,364.81,56.44
2025-08-07,Maharashtra,Pune,Black,6.84,0.78,80.0,17.73,311.06,20.5
2024-09-17,Maharashtra,Aurangabad,Loamy,6.17,0.91,208.29,25.11,284.58,39.43
2025-06-28,Maharashtra,Dhule,Alluvial,7.11,0.36,146.98,27.13,339.44,47.57
2025-01-22,Maharashtra,Ahmednagar,Alluvial,7.27,1.11,292.02,27.89,63.7,65.6
2025-04-20,Maharashtra,Aurangabad,Black,6.67,1.05,236.89,25.97,281.06,32.08
2025-02-13,Maharashtra,Aurangabad,Black,7.18,0.43,261.23,27.8,265.25,30.42
2025-08-02,Maharashtra,Dhule,Loamy,6.6,0.67,93.72,22.46,281.31,24.0
2024-01-16,Maharashtra,Kolhapur,Alluvial,7.27,1.08,235.21,11.52,251.24,51.69
2025-10-23,Maharashtra,Aurangabad,Black,7.44,0.96,349.21,5.0,303.19,27.59
2024-04-11,Maharashtra,Solapur,Red,7.43,0.57,372.76,16.53,202.54,33.55
2024-07-04,Maharashtra,Kolhapur,Black,6.88,0.85,317.51,20.65,372.95,15.81
2024-01-25,Maharashtra,Dhule,Red,6.07,1.4,153.16,34.54,307.36,48.61
2024-03-12,Maharashtra,Satara,Alluvial,6.37,0.68,360.75,20.99,275.07,51.9
2025-08-15,Maharashtra,Satara,Loamy,7.22,0.49,317.92,20.03,190.25,48.15
2025-07-26,Maharashtra,Ahmednagar,Alluvial,8.5,0.69,250.62,25.86,341.53,18.74
2024-01-18,Maharashtra,Sangli,Alluvial,6.56,0.71,98.0,19.3,280.67,45.29
2025-07-23,Maharashtra,Aurangabad,Alluvial,7.12,0.52,336.29,30.11,184.45,17.93
2024-11-27,Maharashtra,Pune,Alluvial,6.41,0.76,212.63,41.79,254.33,38.7
2025-07-22,Maharashtra,Sangli,Loamy,6.12,0.34,287.69,43.91,322.91,40.46
2024-04-06,Maharashtra,Sangli,Black,6.33,0.48,265.47,22.97,315.16,41.72
2025-12-27,Maharashtra,Kolhapur,Loamy,5.34,0.84,383.07,25.37,308.7,44.42
2024-01-12,Maharashtra,Solapur,Loamy,7.75,0.21,249.97,37.79,269.25,37.9
2024-01-11,Maharashtra,Satara,Loamy,5.24,0.88,258.79,20.5,362.58,14.45
2024-06-11,Maharashtra,Jalgaon,Loamy,6.62,0.15,386.29,28.79,383.78,44.42
2024-10-09,Maharashtra,Solapur,Black,5.98,0.22,207.34,10.65,333.73,39.17
2025-12-29,Maharashtra,Satara,Alluvial,6.18,0.53,325.15,18.89,201.25,27.17
2024-08-28,Maharashtra,Jalgaon,Black,7.76,0.72,244.11,33.56,154.19,19.17
2024-02-14,Maharashtra,Aurangabad,Black,6.94,0.98,179.8,14.82,205.61,56.48
2025-08-15,Maharashtra,Nashik,Alluvial,6.12,0.66,260.09,20.72,455.37,52.78
2024-09-11,Maharashtra,Dhule,Black,6.39,0.59,315.34,6.26,288.17,46.47
2024-03-07,Maharashtra,Nashik,Loamy,6.26,0.79,368.3,42.06,472.64,29.88
2025-09-05,Maharashtra,Solapur,Loamy,6.77,0.43,377.98,34.63,247.98,10.0
2025-08-25,Maharashtra,Ahmednagar,Alluvial,6.92,0.68,236.42,23.88,234.12,47.18
2024-02-11,Maharashtra,Solapur,Alluvial,8.13,0.35,181.02,27.08,252.59,42.4
2025-01-18,Maharashtra,Kolhapur,Alluvial,5.46,0.67,234.5,25.96,250.78,33.5
2025-08-11,Maharashtra,Jalgaon,Loamy,6.78,0.62,165.48,35.84,182.63,51.5
2024-08-21,Maharashtra,Jalgaon,Alluvial,6.58,0.45,242.61,16.81,145.12,48.18
2025-12-14,Maharashtra,Aurangabad,Black,7.46,0.69,232.67,29.32,310.13,40.11
2025-04-29,Maharashtra,Nashik,Black,7.05,0.69,318.2,32.77,365.49,38.42
2024-02-08,Maharashtra,Aurangabad,Red,7.21,0.94,83.53,34.15,504.5,38.61
2024-01-11,Maharashtra,Nashik,Red,7.04,0.25,201.31,5.0,216.63,46.16
2025-09-15,Maharashtra,Jalgaon,Alluvial,6.15,0.63,201.96,16.01,224.73,27.71
2025-02-12,Maharashtra,Solapur,Red,7.65,0.46,354.97,11.81,182.88,43.11
2024-04-17,Maharashtra,Ahmednagar,Loamy,7.36,0.87,170.89,23.5,372.57,26.95
2024-04-03,Maharashtra,Jalgaon,Loamy,7.44,0.84,278.13,5.0,341.5,54.04
2024-03-24,Maharashtra,Sangli,Black,7.68,0.78,249.75,5.0,172.31,44.39
2024-02-27,Maharashtra,Satara,Black,7.09,0.47,343.44,43.7,169.78,29.74
2024-10-19,Maharashtra,Nashik,Red,7.84,0.87,307.67,28.18,355.25,38.97
2024-01-16,Maharashtra,Nashik,Red,7.06,0.27,269.7,23.21,298.32,27.75
2025-04-21,Maharashtra,Kolhapur,Loamy,6.65,0.22,215.63,25.64,335.84,56.05
2025-08-27,Maharashtra,Aurangabad,Black,6.8,0.33,111.81,23.46,171.72,57.47
2024-06-13,Maharashtra,Dhule,Red,6.78,0.64,279.77,31.97,72.23,46.35
2025-03-12,Maharashtra,Dhule,Loamy,6.44,0.82,302.44,15.68,172.5,56.68
2025-12-27,Maharashtra,Kolhapur,Black,7.94,0.1,134.01,23.87,328.78,39.82
2025-10-17,Maharashtra,Jalgaon,Loamy,7.01,0.98,161.3,24.27,471.11,47.16
2025-02-06,Maharashtra,Nashik,Loamy,6.87,0.68,280.19,11.53,217.05,52.7
2025-01-20,Maharashtra,Pune,Black,7.07,0.26,287.13,34.77,487.59,37.93
2024-05-17,Maharashtra,Ahmednagar,Loamy,8.5,0.68,180.75,17.54,342.98,38.85
2025-12-16,Maharashtra,Sangli,Red,6.01,0.92,214.07,32.17,120.7,49.2
2025-12-22,Maharashtra,Solapur,Loamy,6.21,0.8,113.08,23.15,281.4,45.76
2025-06-14,Maharashtra,Solapur,Red,5.83,0.92,370.18,38.34,346.4,28.93
2024-10-19,Maharashtra,Dhule,Alluvial,,0.31,156.01,11.59,50.0,11.76
2025-04-19,Maharashtra,Dhule,Alluvial,6.97,0.55,303.38,11.15,324.45,35.89
2025-04-06,Maharashtra,Kolhapur,Alluvial,6.47,0.42,257.2,12.94,377.27,12.84
2025-01-07,Maharashtra,Nashik,Loamy,6.42,1.08,363.17,23.33,299.89,26.11
2024-06-10,Maharashtra,Aurangabad,Alluvial,6.9,0.81,196.62,37.41,253.83,27.51
2025-10-03,Maharashtra,Solapur,Alluvial,6.45,1.36,264.9,37.93,242.71,31.18
2024-02-13,Maharashtra,Nashik,Loamy,7.02,0.53,124.13,5.0,236.87,47.85
2024-03-23,Maharashtra,Sangli,Black,7.58,0.47,104.92,24.5,142.4,50.45
2025-09-27,Maharashtra,Ahmednagar,Loamy,7.27,0.61,307.71,5.0,191.25,44.1
2025-06-22,Maharashtra,Ahmednagar,Red,7.42,0.99,117.2,29.95,218.34,45.59
2025-06-02,Maharashtra,Solapur,Loamy,7.56,0.56,241.74,33.18,271.35,45.87
2025-02-14,Maharashtra,Pune,Black,7.0,0.68,340.9,21.6,204.32,10.0
2024-12-06,Maharashtra,Kolhapur,Alluvial,6.69,0.67,319.73,22.84,173.09,38.12
2025-12-11,Maharashtra,Solapur,Loamy,6.26,0.66,206.83,22.74,335.98,16.44
2025-09-15,Maharashtra,Sangli,Alluvial,,0.49,,14.16,297.06,44.11
2024-03-29,Maharashtra,Pune,Red,6.43,0.62,300.76,26.32,206.08,12.88
2025-10-01,Maharashtra,Satara,Black,7.31,0.6,367.38,19.69,310.63,35.83
2024-08-17,Maharashtra,Jalgaon,Alluvial,7.04,0.65,207.02,31.3,214.68,44.57
2024-01-18,Maharashtra,Dhule,Alluvial,7.29,0.89,195.73,20.86,266.31,24.59
2025-11-03,Maharashtra,Dhule,Alluvial,5.99,1.09,218.01,13.39,357.5,49.54
2024-10-07,Maharashtra,Pune,Alluvial,7.8,0.44,305.73,6.64,199.63,44.08
2025-02-25,Maharashtra,Solapur,Loamy,6.5,0.55,358.28,5.0,142.76,42.57
2025-11-08,Maharashtra,Dhule,Black,6.03,0.44,160.83,35.13,245.49,46.38
2025-12-02,Maharashtra,Nashik,Black,6.49,0.7,140.14,17.42,123.65,33.69
2024-12-03,Maharashtra,Dhule,Alluvial,8.5,0.52,447.2,25.39,232.26,39.82
2024-09-22,Maharashtra,Ahmednagar,Black,6.53,0.71,245.81,39.83,231.94,38.12
2024-12-20,Maharashtra,Dhule,Alluvial,6.57,0.93,280.23,16.37,50.0,37.85
2024-12-25,Maharashtra,Satara,Red,6.67,0.1,204.65,15.73,313.06,29.94
2024-08-04,Maharashtra,Kolhapur,Red,6.7,0.77,299.2,20.68,241.73,23.09
2024-11-16,Maharashtra,Pune,Red,6.25,0.53,336.8,22.29,378.19,33.96
2025-12-19,Maharashtra,Nashik,Black,6.9,0.77,283.98,40.88,281.55,33.3
2025-10-26,Maharashtra,Satara,Alluvial,7.55,0.43,399.27,37.66,333.56,29.16
2025-11-23,Maharashtra,Ahmednagar,Loamy,7.02,0.95,233.86,28.21,379.0,48.22
2024-07-30,Maharashtra,Solapur,Loamy,6.02,0.88,238.97,36.49,246.83,23.93
2024-07-21,Maharashtra,Jalgaon,Red,6.56,0.79,278.51,20.22,259.92,35.94
2025-12-17,Maharashtra,Ahmednagar,Red,6.41,0.85,297.2,24.99,102.65,52.0
2024-06-01,Maharashtra,Pune,Black,6.84,0.46,278.24,18.98,383.95,48.91
2025-11-12,Maharashtra,Pune,Loamy,7.73,0.5,157.25,9.1,245.43,52.6
2025-03-04,Maharashtra,Pune,Black,6.7,0.84,285.0,34.04,159.43,30.91
2024-10-13,Maharashtra,Satara,Red,6.74,0.46,230.07,27.32,333.97,47.41
2024-11-16,Maharashtra,Pune,Alluvial,8.04,1.01,213.52,22.18,50.0,25.24
2025-03-11,Maharashtra,Kolhapur,Alluvial,7.41,0.57,262.6,21.98,217.07,34.69
2025-08-14,Maharashtra,Kolhapur,Alluvial,7.2,0.78,183.08,6.94,350.83,35.82
2025-05-10,Maharashtra,Kolhapur,Red,8.17,1.17,169.17,12.23,216.23,31.09
2025-08-26,Maharashtra,Pune,Black,7.14,0.47,80.0,25.36,188.21,33.66
2024-05-28,Maharashtra,Kolhapur,Alluvial,5.41,0.67,399.78,16.71,218.38,32.08
2025-06-25,Maharashtra,Aurangabad,Loamy,7.38,0.91,304.46,19.82,59.01,26.21
2025-09-26,Maharashtra,Dhule,Loamy,5.69,0.89,250.66,20.95,331.55,48.28
2025-04-26,Maharashtra,Dhule,Red,7.12,0.57,206.62,15.18,247.71,35.81
2024-11-21,Maharashtra,Pune,Loamy,5.6,0.52,80.0,12.32,232.77,40.42
2024-01-29,Maharashtra,Sangli,Loamy,6.47,0.59,201.72,5.88,233.13,39.97
2024-09-15,Maharashtra,Satara,Red,6.55,1.01,317.27,20.53,261.41,38.66
2025-11-28,Maharashtra,Jalgaon,Black,6.26,0.58,335.37,28.19,325.34,39.11
2024-03-15,Maharashtra,Satara,Alluvial,6.56,0.67,311.38,5.56,254.79,34.33
2025-07-10,Maharashtra,Aurangabad,Red,7.52,0.54,272.67,21.76,123.84,55.02
2025-08-03,Maharashtra,Satara,Loamy,6.3,0.83,364.31,24.81,317.55,47.13
2025-05-12,Maharashtra,Aurangabad,Alluvial,7.18,0.69,233.72,12.1,309.86,38.22
2025-02-19,Maharashtra,Aurangabad,Alluvial,6.12,0.4,346.82,36.22,280.55,32.64
2025-12-22,Maharashtra,Satara,Alluvial,6.67,0.41,229.23,18.14,367.52,36.57
2024-12-05,Maharashtra,Jalgaon,Red,7.03,0.15,189.51,20.99,263.04,43.01
2024-11-03,Maharashtra,Aurangabad,Alluvial,6.1,0.44,179.54,20.39,371.14,56.0
2025-12-04,Maharashtra,Kolhapur,Black,5.88,0.85,174.84,5.0,400.72,21.52
2025-09-06,Maharashtra,Nashik,Loamy,7.14,0.98,312.73,32.09,318.23,45.92
2024-08-28,Maharashtra,Nashik,Red,7.59,0.82,200.58,12.44,185.21,51.52
2024-09-09,Maharashtra,Solapur,Red,6.74,0.79,177.36,19.63,246.92,20.16
2024-08-07,Maharashtra,Pune,Alluvial,6.48,0.62,317.1,27.98,383.89,35.83
2025-01-31,Maharashtra,Ahmednagar,Loamy,6.91,0.84,286.24,36.61,110.24,25.23
2024-12-01,Maharashtra,Kolhapur,Alluvial,6.84,0.72,337.01,11.2,220.8,43.17
2025-12-29,Maharashtra,Kolhapur,Alluvial,6.97,1.1,301.01,17.54,225.7,33.7
2025-12-14,Maharashtra,Ahmednagar,Red,5.03,0.63,199.75,35.82,173.48,36.44
2024-01-29,Maharashtra,Pune,Black,6.05,0.99,266.09,26.64,347.29,33.07
2025-05-08,Maharashtra,Nashik,Loamy,6.21,0.87,270.01,28.71,297.68,46.64
2025-12-24,Maharashtra,Jalgaon,Loamy,6.91,0.83,186.47,11.49,188.89,40.75
2025-05-16,Maharashtra,Aurangabad,Loamy,6.93,0.15,171.63,18.21,320.55,40.77
2024-06-02,Maharashtra,Ahmednagar,Loamy,7.25,0.88,205.54,20.32,244.16,39.93
2024-08-18,Maharashtra,Jalgaon,Black,6.98,0.62,422.93,13.42,170.98,44.87
2024-04-11,Maharashtra,Solapur,Red,5.89,0.54,226.98,5.25,188.71,34.86
2024-06-25,Maharashtra,Aurangabad,Black,7.81,0.28,358.63,16.9,303.61,58.41
2025-11-23,Maharashtra,Satara,Alluvial,7.69,0.65,222.51,35.54,353.9,23.18
2024-08-19,Maharashtra,Kolhapur,Red,5.92,0.66,331.11,22.59,211.32,17.29
2024-01-12,Maharashtra,Aurangabad,Black,7.03,0.32,332.2,35.74,314.44,16.3
2024-07-04,Maharashtra,Satara,Loamy,6.38,0.28,336.21,23.79,418.18,13.04
2024-09-22,Maharashtra,Nashik,Loamy,6.9,0.77,291.03,14.35,134.11,46.08
2024-05-14,Maharashtra,Satara,Red,7.54,0.87,370.19,34.78,295.57,44.62
2024-01-31,Maharashtra,Satara,Black,8.29,0.7,290.27,24.12,343.07,52.49
2025-03-31,Maharashtra,Sangli,Red,7.33,0.94,397.08,31.62,250.49,25.32
2024-09-15,Maharashtra,Ahmednagar,Loamy,7.01,0.63,130.41,11.32,383.83,46.95
2024-04-13,Maharashtra,Aurangabad,Black,6.56,0.64,287.86,32.39,479.88,38.68
2025-03-06,Maharashtra,Ahmednagar,Loamy,6.93,0.42,282.67,32.69,294.34,40.0
2025-01-16,Maharashtra,Aurangabad,Red,7.75,0.26,185.08,24.9,236.64,45.51
2025-04-13,Maharashtra,Kolhapur,Red,6.77,1.11,306.37,13.93,357.7,28.92
2025-05-27,Maharashtra,Dhule,Red,6.18,0.93,140.79,21.54,344.21,69.05
2024-07-25,Maharashtra,Ahmednagar,Red,5.67,0.3,207.67,28.11,50.0,53.98
2025-10-08,Maharashtra,Ahmednagar,Red,7.16,0.69,100.07,24.35,259.73,31.62
2025-12-16,Maharashtra,Jalgaon,Alluvial,,0.71,252.0,37.59,320.11,33.26
2025-01-18,Maharashtra,Ahmednagar,Red,7.07,0.49,238.08,19.68,361.22,42.76
2024-01-17,Maharashtra,Aurangabad,Loamy,7.37,0.91,227.28,43.67,195.16,35.68
2025-08-16,Maharashtra,Solapur,Alluvial,7.5,0.54,290.5,30.03,144.49,36.98
2024-01-14,Maharashtra,Solapur,Alluvial,7.98,0.62,325.45,26.48,256.25,27.64
2024-03-21,Maharashtra,Solapur,Black,6.57,0.65,292.19,16.14,227.03,46.81
2024-07-25,Maharashtra,Ahmednagar,Red,5.85,0.56,250.36,11.54,338.58,57.86
2024-07-22,Maharashtra,Sangli,Red,7.05,0.71,247.42,27.23,152.55,27.83
2025-01-13,Maharashtra,Jalgaon,Alluvial,8.12,0.94,334.95,21.28,362.04,21.24
2025-06-27,Maharashtra,Dhule,Black,6.47,0.36,297.08,8.61,395.36,38.24
2024-01-23,Maharashtra,Aurangabad,Alluvial,7.28,0.77,265.82,6.83,260.03,37.66
2025-09-05,Maharashtra,Pune,Alluvial,,0.69,257.13,12.41,266.07,52.05
2024-06-10,Maharashtra,Jalgaon,Red,6.93,0.69,287.62,40.21,183.25,23.25
2025-09-01,Maharashtra,Aurangabad,Black,6.8,0.87,222.53,44.13,205.73,31.54
2024-05-23,Maharashtra,Pune,Alluvial,6.15,0.66,325.72,24.05,219.17,12.23
2024-04-13,Maharashtra,Kolhapur,Red,5.2,0.77,173.93,23.49,404.29,54.5
2025-01-16,Maharashtra,Sangli,Alluvial,6.02,0.83,227.08,18.64,252.81,41.01
2025-03-30,Maharashtra,Kolhapur,Alluvial,6.53,0.52,308.89,12.66,127.78,32.44
2025-02-20,Maharashtra,Sangli,Black,7.57,0.72,169.37,35.75,285.54,22.13
2024-11-19,Maharashtra,Satara,Black,6.73,0.59,134.16,40.74,342.63,23.23
